上岸成功！,86a739f8,1333.56600,0
市考国考进面,5cf66568,1017.45700,0
我女神,b30816d8,24.27900,0
祝福大家的愿景都成真,60e3821a,1095.40700,0
家人长寿健康,6f6da223,1328.13600,0
考研上岸,77c13574,999.02000,0
花 毛 一 体,934f0c7d,1171.00900,0
这个东西巨恐怖，扎到手巨疼,934f0c7d,578.00500,0
此处背景音乐爱了,20f97679,619.02000,0
辛苦了,f3dcf74f,1362.00600,0
姐姐好棒,f3dcf74f,1337.60600,0
其乐融融氛围好好,f3dcf74f,1308.68600,0
好棒啊,f3dcf74f,1258.44600,0
干净利落,f3dcf74f,941.72600,0
大自然的馈赠,f3dcf74f,853.32600,0
热爱生活，但有点辛苦,f3dcf74f,471.78200,0
这名字哈哈哈,4cf431c4,1253.06000,0
这么好的女人,4cf431c4,373.66000,0
哈哈哈哈哈哈哈,e3675a64,1318.79500,0
南瓜苗！！！这个拿鸡汤煮味道绝了,e3675a64,1077.23300,0
啊啊啊，这个真忍不了！,64d84e6b,1106.10500,0
我仿佛闻到了香味,d48e2daf,1154.84400,0
地豆,275369e,398.19100,0
四级要过,baaa149c,672.31900,0
发财,dd6b255,1000.59500,0
这是个高手,ff0358e1,1342.28300,0
众所周知“摆盘是门艺术”,ff0358e1,1213.59000,0
众所周知“摆盘是门艺术”,ff0358e1,1189.03000,0
众所周知“摆盘是门艺术”,ff0358e1,1107.31000,0
你的小可爱突然出现↓,ff0358e1,885.28100,0
小时候噩梦,7d58b541,411.03400,0
2021年换完信用卡，换完花呗,2640405f,996.16400,0
我有一个想法如果华农是子柒邻居会怎样,fade1dd7,662.25000,0
考试顺利成功,4452c2dd,1012.29200,0
月考前七百,4452c2dd,998.50900,0
月考前七百名,4452c2dd,779.33700,0
月考成功,4452c2dd,754.96000,0
月考前七百名,4452c2dd,724.48800,0
月考前七百名,4452c2dd,715.59000,0
愿我男朋友今年考试上岸,df2c1162,1324.99200,0
我没了,df2c1162,836.03300,0
超级喜欢板栗，下辈子想变成板栗,df2c1162,597.27000,0
熟练的让人心疼555,53afc4dc,330.38000,0
我们叫风柜,6d40e5dd,453.55800,0
每个人心中都有一个陶渊明，采菊东篱下悠然见南山,c2b1a7e9,890.91800,0
花生藤上会有毛毛虫，童年阴影,6d40e5dd,390.03800,0
紫苏,77190e21,1208.06400,0
六级必过！,da30aab3,996.33800,0
妈妈妈咪,8bec7802,1198.89700,0
横扫饥饿 做回自己,c2e18eae,1109.07200,0
顺利入职！一切安好！顺顺利利!,7b4b9732,1325.75900,0
喜欢吃南瓜花,f6c71235,1171.38300,0
炒南瓜子好吃,f6c71235,754.16100,0
考公上岸。,bfee620c,1330.68000,0
别的我不敢说但这双手绝对是干过活的,311a1d4d,201.95900,0
爆美,245ec025,1007.42200,0
原来是黑米啊！我说怎么颜色怪怪的,5073078f,476.04300,0
这衣服让我想到了爷爷,5073078f,60.16600,0
突然鬼畜,9bf9ff4a,87.83900,0
拔花生真的巨累,f989acef,394.72800,0
月考顺利,75cf88ff,1002.60900,0
祝愿祖国两岸早日统 一,d4e6b75,1018.71200,0
？？？突然开始许愿？什么操作？,d4e6b75,706.01800,0
辛苦辛苦,e8d85a9a,97.17200,0
这个姐夫也值了，没娶到李子柒娶到李子六了。,43b0e4ad,1177.88300,0
我天哪，累死了,3ec6a232,401.83200,0
全家身体健康,589f4327,1335.70000,0
事业顺利，过上想要的生活,589f4327,1000.76700,0
全家身体健康万事顺利,589f4327,660.88400,0
华政！上岸！,3fabc8d9,1329.40000,0
考研成功吧！！,3fabc8d9,995.28500,0
喂牛,fd80e47f,420.24700,0
南瓜要放坏,fd80e47f,380.93400,0
夸夸,fd80e47f,301.88700,0
米酒,aec8b271,613.16200,0
覆膜作用：1.保温保湿  2.免受风沙侵害  3.保持水土,4462f619,100.76000,0
种花生真的苦,2e780d8e,126.17800,0
好喜欢彼岸花，八月瓜好甜，好多年没看到了,948dc4a2,565.58000,0
联考过,2898121b,997.13100,0
都给我冲,8fb99729,719.63500,0
脱单,f369b9c7,998.79800,0
和老颜一辈子,6661774,1039.85800,0
愿望说出来就不灵了。,da45ccd1,712.29700,0
八月炸，我家山上也有，不过好少,c4232f8b,557.79900,0
我们语文作文出现了,c4232f8b,68.32700,0
那个男的还没有李子柒的力气大，一个大男人落锤的弧度那么小,367cd5ea,938.06200,0
上岸上岸！,6a371b96,1362.20100,0
心想事成，瘦下来呀,f304bc92,998.20300,0
普通干农活家庭年收入几千，子柒干农活年收入几千万（狗头滑稽）,8fe4beb6,303.22200,0
这是国宴吗？,606332b5,1233.34200,0
我姐考研上岸,1c1f1877,682.22000,0
这……幸福的仪式感,fc21823b,1193.21400,0
突发祈福事件发生了,fc21823b,996.86200,0
为啥这么突然开始祈福？,fc21823b,1018.08900,0
想吃白食吃软饭的男人，个个恨不得立马嫁给子柒,fc21823b,476.32900,0
什么米其林，是御膳房,5bf179cd,1202.74400,0
希望自己的人生后二十年和前十年过一样的生活,d1214df9,659.89700,0
在这儿许愿不如去好好复习我看你们都考不上,5db275d6,1057.97100,0
米其林十星！！！,15253174,1193.02300,0
四级必过,e7adf3db,996.55300,0
这一袋子两个人扛都很重,e7adf3db,464.58000,0
这个活真的很累很累，要叫很多人帮忙才能,e7adf3db,393.30000,0
测试通过，加油,bf97278b,1363.69200,0
事事顺利，事事满意,bf97278b,1331.54000,0
这个活巨累,e7adf3db,104.10000,0
摆盘怪,fee0acc0,1102.42900,0
赚很多很多的钱，让自己和家人过得越来越好,44d91774,718.69900,0
明明知道刷屏不对还要怼别人，真是够了，现在b站弹幕也乌烟瘴气的,881a844c,1119.82800,0
高考顺利江西师大,2163c5be,1001.70500,0
高考顺利,2163c5be,695.95500,0
女侠！！,7544188e,1337.79900,0
《平平无奇》,7544188e,1254.40100,0
糯米酒真的好喝,9fa226a5,663.57200,0
糯米酒,9fa226a5,643.71200,0
花生苗里面有一种虫子，给蛰一下就一个巴痒死了，都是过来人,9fa226a5,487.47100,0
不会吧原神连暖暖草果都要借鉴？,b649f3e3,985.13400,0
做个农庄，绝对生意火爆,9fa226a5,125.04900,0
卧槽彼岸花！！！,211bcb33,559.65800,0
考试考好,4bab2262,1000.98000,0
女儿红,a082e8d2,694.42300,0
在健身房泡一天的不是教练，就是不正经的，正常1个多小时健身就ok了,1efe1062,383.25200,0
紫色的糍粑！！！！天呐！！！,65ed4e30,880.02000,0
馋死了,20bd8338,1195.65900,0
考上华山高中实验班,2053ffff,996.68000,0
什么都想吃,20bd8338,887.74200,0
花毛一体,a0129ed1,1168.82200,0
家人和我身体健康,b72c7f3e,999.74200,0
年级第一,b72c7f3e,998.12100,0
2020法考必过,a554416c,1327.14500,0
希望考试成功,e1e97fb6,695.89100,0
2020法考必过,a554416c,998.69700,0
2020法考必过 家人平安健康,a554416c,666.60700,0
前面那个千树万树梨花开说的是下雪啊你冷静点！,1ea30889,72.61800,0
希望下个月能加薪,5ca585b1,724.17900,0
考试全过！,2ee0cce3,999.42600,0
许愿的都了马？,32f3289c,1325.77800,0
已经好久没看到这个机子了,e414c8c,441.12800,0
投壶啊  真的好古风好喜欢,77fde3d,1344.80600,0
这叫平平无奇,31021838,1260.87600,0
他家需要一个干体力活的男人,31021838,475.91400,0
你们怎么什么玩意儿都能许愿？,485fb640,1002.13200,0
哇，八月瓜,e3075c12,544.58000,0
考研上岸！！！！！！！！！,8201b252,691.25400,0
事业有成,98b0d613,1329.85400,0
事业有成,98b0d613,1024.64100,0
家人安康，考试爱情都顺利！,5c7992d7,1327.45900,0
爱情考试都顺顺利利 家人安康！,5c7992d7,996.92200,0
熏鱼！！！,f09cee82,1022.56700,0
心境真好，一般的年轻人静不下这个心,8d86716e,406.87300,0
前面的人你家挺厉害啊，播种到收成可以同时完成,8d86716e,239.41300,0
许毛愿望啊救命,8c6144ee,705.99900,0
这个米拌红豆，做成饭团也好吃,15c4f34a,623.76600,0
小时候天天帮忙干活，真的很累,5cccbdb9,137.83500,0
这个夹手疼,ea8400e,804.40100,0
那么一片就这点,ea8400e,310.72100,0
二口二笔通过,245b73f,993.42200,0
为什么要有地膜呀,ea8400e,120.95300,0
哈哈哈哈李子六,9709440e,939.78000,0
就是有人说姐姐的视频不是全部自己做的才会这样,9709440e,139.30400,0
考研上岸。上岸一定来还愿,3547b95,1322.43400,0
考试必过,46e92b6c,17.78000,0
期末别挂科，开开心心回家过年,3ecb13dd,668.55300,0
拿拿烫水烫一下，不是就很好剥了吗 ,7c12b4fb,729.78000,0
2020年裸考护资过了！,b9af2c61,1069.96300,0
我住乡下的我觉得这就是平常吧基本很多人都会这个。而且很腰疼，记得多关爱老人父母,b9af2c61,130.92100,0
考研成功,e9b03023,1326.51200,0
孩子都能打酱油了。别瞎联想,cded1ac7,144.14000,0
华农人家结婚了。还,cded1ac7,141.62000,0
希望子柒心中所望都可以实现,193c425f,726.98500,0
太辛苦了，姐姐好厉害！,193c425f,393.88900,0
家人安康，国泰民安，一夜暴富。,731ae032,1364.52300,0
全部落空,d6a2662,660.34800,0
奶奶长命百岁，家人身体健康,292e1700,1045.53400,0
绵阳的婆婆就是奶奶别争了,c96d43,98.00000,0
前方高能预警,6853cda7,240.85900,0
don't know if you're going?j just got home and keep it keeps 我要火星,6853cda7,237.73900,0
欧家靖主动找我和好！！！,e4fb1f5f,995.62800,0
是真的累，不累我就不会想着好好读书了呜呜,f3d59d3d,127.13800,0
群魔乱舞,a6123b7f,1318.05100,0
四级通过,c08df3ff,1002.38600,0
四级冲冲冲,c08df3ff,704.93500,0
糍粑,fb8f136b,881.01200,0
又来酿米酒啦,fb8f136b,629.79800,0
彼岸花,fb8f136b,503.37800,0
紫米吗,fb8f136b,472.07800,0
子柒真的好有力气好有力气,fb8f136b,457.65800,0
我们那里都是摔下来的,fb8f136b,405.69800,0
希望许愿的都成功，但是以后不要在弹幕里打出来吧,fd634dc2,680.42400,0
花生不用药泡一下吗,fb8f136b,95.89800,0
我都不知道我这么好苦，为什么每个阿姐的视频我都被,9b15f2ac,144.14700,0
高考无悔,8ac20060,1000.69800,0
花毛,90fe2262,1180.94800,0
啊啊啊啊啊啊啊,90fe2262,1112.59700,0
马赛克,90fe2262,916.65800,0
那不应该是李子陆吗,fdb1af22,905.06700,0
fgnb,b0c5e853,1062.74900,0
这个真的很累很累，我干过,69269ad9,393.86000,0
女侠风,a4cbc285,1350.61200,0
彼岸花,a4cbc285,509.07600,0
前面小树林的，不是小森林吗/doge,7852d0ed,589.31200,0
弹幕礼仪都不知道吗,f8132b35,1100.78200,0
许愿的80%白给,f8132b35,1010.62800,0
谁许愿谁失败，许愿者虽远必猪,f8132b35,998.98600,0
我太爱李子柒了，太治愈我了,d95f6bca,390.20100,0
这个动作，让我想起了小时候吃方便面。。。,7c30a839,1085.61600,0
好一个平平无奇,ed1fe012,1261.41300,0
我家用丝瓜刷锅。。。,7c30a839,994.36000,0
“来都来了，还讲客气！”,7c30a839,893.87800,0
子柒从来不漏正面？,30f059a8,647.42400,0
找份好工作,7c30a839,751.20100,0
完成论文按时毕业,7c30a839,730.02500,0
为什么子柒生活在农村呢,30f059a8,423.16800,0
这个谷子弄到身上特别的痒,7c30a839,452.53700,0
四川婆婆就是奶奶，不是外婆,642e3a9b,916.71800,0
找到好工作！,c3bd1441,996.87000,0
广东公务员！,c3bd1441,995.76700,0
甜酒浮子,33266df9,662.90200,0
丝瓜藤肉豆须 永远的噩梦!,4da3fdc,1184.06100,0
科二顺利过！！！,db1c3f6b,1006.50400,0
为什么我的嘴角常含泪水,ae81d0f4,1248.50700,0
这个菜我受不了，感觉很怪,ae81d0f4,1139.23500,0
我靠,ae81d0f4,1113.11600,0
不太行，淀粉不够,ae81d0f4,1080.22600,0
赚很多钱,ae81d0f4,1053.78700,0
百草堂,ae81d0f4,1001.51400,0
哇靠,ae81d0f4,879.58000,0
哇,ae81d0f4,753.50800,0
太强了,ae81d0f4,683.02800,0
哇靠,ae81d0f4,397.06200,0
祝愿你们永远不过嘿嘿嘿,54535b45,683.84800,0
你有本事也可以去拍,54535b45,490.04000,0
黑米饭可香啦！,54535b45,487.72000,0
我们这边乡下也会囤，可以卖，也可以自己吃，能放好久,54535b45,349.22000,0
南瓜糯米排骨，我的天，好想吃,c7de45d4,1272.32800,0
妈呀！我也想试试生吃板栗，看着好好吃！！！,4a3dc066,624.36100,0
一定要成为一个合格的网文作家！2020太难了,7ff4da1,695.35900,0
广美上⬆️,6f9d4ea1,703.18800,0
考研上岸,6f9d4ea1,698.83600,0
以前爷爷去山里劳作的时候也会带八月瓜或者别的东西回来给小孩吃 怀念！,ae6ab192,574.95300,0
以前生活在山里的长辈们也是这样劳作的吧  原来也可以这么唯美,ae6ab192,415.12400,0
粮食啊 粒粒皆辛苦,82e4ca7,475.80200,0
我的妈 吃的好好啊,ae33a392,1230.14300,0
这么多吃的 有老鼠怎么办啊,c6ca77c1,444.30800,0
罂粟的笑死我了,372f01cc,595.43700,0
哇塞,af1fe726,1180.28000,0
熏鱼！,8dde9233,1054.66100,0
还有好多虫子,8dde9233,416.65900,0
拔花生是真累,8dde9233,403.52100,0
一切都加油,ec8e37d6,1318.64100,0
谢涤葵 谢涤葵！,75a18084,879.59900,0
奇茸通天菊,75a18084,521.53800,0
仙女用石灰都要粉色的,95d3ffbb,809.83700,0
上岸！,e68831e2,1044.93100,0
南瓜藤焯水凉拌超级好吃！！！！！！！,610fd7da,1116.56100,0
四级求过,e870f809,1000.00900,0
祝我们长长久久,7023b13b,1012.93400,0
《平平无奇》,b8668698,1255.04800,0
火焙鱼,5a000d5e,1030.41800,0
一家人健健康康和和美美,e4cc21fe,1014.32800,0
谷子没种好，好多虫,d62dbfff,263.78500,0
这种农活好累的,62180860,92.36000,0
仙女姐姐，你是不是有随身灵泉，浇点水就能活百物，还能给好吃的提鲜,71502940,4.86000,0
一个扯花生，掰苞谷，打谷子  折磨之王……,fbb08d31,426.66000,0
平安顺遂,c9ba74f6,1036.89000,0
地雷花,d5a310b3,418.63500,0
解放苗,d5a310b3,199.11900,0
煮毛豆真的好好吃,f53f5af3,997.54600,0
这些农具都好眼熟,7ec2e440,302.52000,0
有人偷瓜,f53f5af3,340.59200,0
他们这里 也有板栗啊,8f3556fc,539.32100,0
瓜尖我超级喜欢,4c1ab203,1171.63100,0
真假酒,52dda24d,1328.06900,0
中一次奖吧,33b6435c,711.65700,0
今年考上研究生川大,bbc55a9c,1009.38100,0
希望平平安安顺顺利利，2021能有个靠谱的好对象结婚,bae67040,995.69000,0
刘姝慧工头喊你搬砖了,c671728b,49.57100,0
成功上岸,d534e89c,997.64700,0
学业水平等级考出BBA,e0f2cc43,1014.04800,0
我发现我从来没有生活过，我只是活着——,6f5c4d17,1277.44600,0
我发明了一个洗花生的方法，倒在水桶里加水没过一些，用棍搅成水漩涡，洗的雪白雪白的,6f5c4d17,419.88600,0
教资过过过！！！明年找到好工作,468b3b87,997.44700,0
绝云彩椒666,1a2c0d1b,975.37700,0
教资顺利通过，身体健康平安出院,6b74247d,1006.91100,0
看着简单 巨累,58d0700f,98.49900,0
wtf?????,1eba4b66,1189.56200,0
WTF？？？？,1eba4b66,1114.15000,0
贾玲怎么在旁边,62dbebeb,1291.02100,0
飒,94195297,1340.90700,0
角度是怎么拍到的,a5c41185,125.67900,0
秀儿？,b56df153,1253.69100,0
p,b56df153,779.94000,0
学业有成，家人身体安康,c6d5b510,1362.28000,0
冬瓜南瓜傻瓜都有～,be05ffaf,364.45600,0
八月瓜！！,d07c099,555.42000,0
童年回忆,d07c099,532.58000,0
打板栗。,d07c099,519.81500,0
这打谷机我老家现在都有。！！,d07c099,468.92900,0
投壶好久没玩过了,1d62e618,1328.66400,0
 考上理想大学！家人平安健康,69972e81,657.28400,0
英语ab级考过,54cfaba8,995.33200,0
绝云椒椒的 都是老原神了 哈哈哈,e19f7509,957.63800,0
其实许不许愿都无所谓～,f9d236ac,1040.30000,0
要得！路上慢点哈~~~~~,669b4e91,498.07200,0
好美好啊,ec89022d,1324.55300,0
期末考过！！！,dfab9dca,1360.78300,0
期末考全部过,dfab9dca,1323.46100,0
上岸,e22928ab,1325.99300,0
家人和自己都健健康康，平平安安，顺顺利利!自己要顺利入职！,7b4b9732,656.47300,0
顺利入职！,7b4b9732,664.85600,0
得到腾讯offer,4c98d771,1359.78900,0
入职腾讯，顺利毕业,4c98d771,709.66000,0
彼岸花好好看,d5f94abd,508.72500,0
美,34b7e177,247.95900,0
饿了,4c30a1a4,1239.42900,0
我饿了,4c30a1a4,1237.07200,0
老婆辛苦了,94b483ac,1185.56700,0
口水不争气的流了下来~,94b483ac,1130.95100,0
老婆辛苦了~,94b483ac,379.68400,0
giao giao ！！,94b483ac,248.43600,0
种田很多虫，像水蛭什么的，子柒把最好的一面展现给我们,f497345f,228.00600,0
公务员上岸,aa346286,996.10300,0
顺利上岸,a5d6c6e2,1006.80000,0
来看老人应该的,ce58c107,935.13500,0
这也就是瘦，我上去枝就断了,d97fe6c3,559.97900,0
四川姑娘感觉都很精明能干，以前打工店里的老板娘，自己一会就能包一大堆饺子够大家吃,d97fe6c3,165.31900,0
她干什么都快啊,d97fe6c3,163.47900,0
我作文要写你,ec3c3f96,94.43600,0
加油,12f1d3dc,682.40900,0
万事如意,7881441d,1007.46000,0
这丝瓜这么大根？,7881441d,952.94000,0
辛苦了,12f1d3dc,435.61500,0
全能老婆,7881441d,656.22000,0
好美,7881441d,449.74000,0
摘花生童年噩梦,bf53854,409.02100,0
找到自己能和我相伴一生的姑娘,f36550cb,94.96000,0
保上研，去中农！,2fa79439,712.78000,0
这要吃到什么时候才能吃完啊,72657f6d,344.93400,0
那么有空来美食视频祈愿？还不如多看几道题，真服了你们,bbcfec0f,1033.64900,0
羡慕助理啊啊啊啊,4ad7463a,1305.47000,0
真香！,4ad7463a,1139.41100,0
这不是鬼灭之刃结尾的那个花吗,807c4328,554.35100,0
成功升本,724bfe6,1005.58800,0
事业编上岸,46afe2a5,664.10500,0
这部分的愿望太难了，估计只有10%-15%能实现,b40a8d4e,1040.70000,0
以上的愿望，30%实现，70%打水漂,b40a8d4e,739.92000,0
好美,d6a4d099,44.82500,0
重新定义平平无奇,da13bb71,1261.58800,0
公考上岸,4f639fa9,1009.70500,0
加油加油,15debc70,1330.79400,0
花生地有很多老鼠，黄鼠狼偷吃花生,4307acd0,222.04300,0
拿到微软的offer,80d5dc71,696.10800,0
工资可以拿回来！,77c63eb4,663.16400,0
接下来一切顺利啊！,afb927bf,996.69200,0
绵阳那边口音,59b9a49f,930.06400,0
还好李子柒的邻居不是华农兄弟,a20fd7de,323.32600,0
八月炸！！！！,cf6fff67,541.68000,0
专升本上岸,a784550c,717.15900,0
扎手的很 细细的刺 ,cf6fff67,332.00000,0
想起那年子柒自己收水稻  可累了 今年能用机器收 也是蛮感慨的 省得太累了,cf6fff67,267.54000,0
在田里地里干活没一样简单的  我去地里割红薯叶方便我妈去挖 我都割的脑壳发昏 挖红薯更是越挖越想哭,cf6fff67,166.11900,0
bgm1.5倍好听,c6a26232,792.28500,0
注入仙气,7befb0ec,1085.50400,0
@古天乐@丁鹏,ff3568d7,1258.91500,0
想起梁家辉那个电影了，在火车上吃饭，吃完扣箱子缝里的一粒米饭,ff3568d7,459.71200,0
这花生好像有点产量低,ff3568d7,404.25200,0
不说别的，就光说晒谷子都很累。小时候天天弄这玩意,ff3568d7,289.01700,0
城市正常成年男性，就一小块地，能把你整趴下,ff3568d7,105.87600,0
六级过,fbd63b17,664.08400,0
身体健康！！,32e14f9c,1006.46200,0
考研上岸,f0139580,997.02300,0
哈哈哈,d5bf70aa,905.74500,0
熏鱼？,bd0dc06,1021.92900,0
我就是喜欢这样的感觉，又不是拍记录片，需要那么真实吗,3413e96b,36.38000,0
还愿：体检过了，步入政审。期待！,b8ab468a,39.83900,0
国宴,91764bd,1282.53700,0
在树下捡板栗（有刺壳的）是我童年永远的回忆！,adf1b9c2,578.63900,0
和男朋友上岸,a9a7761,15.98800,0
自动化了，我记得之前还是人割稻子,6e432c4f,276.80600,0
真想做你的小跟班,2b51906e,18.13900,0
快替我尝尝那个紫米糕,1f3df0b1,1293.22800,0
脱单脱单,ae7eddbe,718.40200,0
希望我喜欢的人也喜欢我,ae7eddbe,661.60900,0
寒来暑往，秋收冬藏,b7685fdd,67.49900,0
高考460,bd2a783c,1005.66100,0
这个是真累，没做习惯的挖一隆地都累的直不起腰，,2990b38b,111.69900,0
教资必过,a1ffdac7,1327.62800,0
来了来了,9b53193f,12.97900,0
我为什么要在饭点看这个视频，我好饿,4bbd8208,1223.63300,0
哈哈哈哈哈哈好鬼畜,4bbd8208,95.09300,0
好棒啊这个！！,5442db61,1193.67000,0
小时候我外公家有，特别喜欢玩,fb56dab6,449.76000,0
这腰要酸死了 真的辛苦,3cb65602,399.92200,0
以后哪个男人会如此幸运能娶到李子柒,14e8047a,1078.59000,0
顺利完成工作,ac938e8f,1000.91700,0
真的佩服,ac17eefd,113.10700,0
子柒姐保我脱单,352eea44,1246.39800,0
真的辛苦了,f7367fa4,403.90800,0
梨花,ed2e9196,45.91300,0
祝福我在意的人有心想事成,e2266cd1,681.81900,0
面试成功,1d454041,657.13200,0
乡村地区就是这样，收获南瓜可以存放很久,dfffa8fc,363.63300,0
身体健康,40f7a4e5,1001.71900,0
存货,dfffa8fc,362.83800,0
让我上岸吧,796c68f5,708.87600,0
怎么这么美,1b89dcbd,797.82300,0
神仙生活,1b89dcbd,783.34000,0
她家里的地好多，比我家多多了,1ef016b4,193.89900,0
高考必胜！,1c077a0,1002.31200,0
月考加油 还有 和他要一直在一起,e6f662e7,997.91600,0
2021一切安好,4586afa1,1015.82000,0
哇 真的是“打”板栗啊～,9aa1f446,524.01000,0
还记得去年子柒可惜没有拍到自动化收割水稻，这一年就过去了……,9aa1f446,260.07200,0
八月瓜,e90a2bbe,546.34000,0
爆鱼,2d9d5f8d,1027.94000,0
婆婆好像都没出镜，是不是身体不好？,2d9d5f8d,919.38000,0
家人平平安安,6d007338,1012.37200,0
米糕?,376ed090,812.89800,0
考研上岸,7165ce62,659.72800,0
你过来啊！,fbd29269,187.47300,0
花生杆子堆着，放干引火好用,3285c76,417.98000,0
！这怎么吃得完,fd38b7fa,343.28300,0
教资过,61c80a4a,688.74700,0
真的太会了,dcc2728b,1092.73400,0
一切顺利,effe45df,1362.76500,0
一切顺利！,effe45df,1005.21900,0
希望自己的身体健康，不要老是免体,25378489,763.45000,0
哇塞,3e922683,1030.09800,0
中午吃饭的时候给学生看了这一集，娃儿们都说碗里的饭菜不香了,81e06b0c,590.34000,0
考试拿第一！,48d9e8b8,1330.14800,0
小时候晒谷子总抢偏东雨,81e06b0c,303.48000,0
来了来了,5150ff2f,26.65500,0
投壶，这是古代的游戏啊,fbf7353a,1336.36800,0
紫茉莉,fbf7353a,416.11200,0
突然想到了郭晶晶夫妇带孩子做农活，粒粒皆辛苦真的是要亲身经历才能体会到的,6d6c8cb1,487.95400,0
找工作顺利,be33c6fb,1018.64700,0
yzh是真心喜欢我,5198e59e,1012.69600,0
爱子柒～,ccca770c,1321.66000,0
得柒如此，夫复何求,4e1f2afe,0.00000,0
i,85aa35c9,770.80000,0
双下巴,ccf229aa,1283.14200,0
这就许愿了？,c65d2702,686.51900,0
这个花尾端有珠子可以牵出一条茎丝，珠子塞耳朵里当耳环,8e268804,415.87700,0
这是许愿池吗？,19faf0cf,994.48400,0
洋辣子特多,19c53775,411.42000,0
哇,22cab7eb,14.99300,0
顺利上岸,e31b8ec,672.38200,0
这个花生可以用带钩子的棍子钩出来洞，我们那就是,8c82478a,188.10500,0
我希望他可以找到对他好且真喜欢他的人,5ce1129,1033.57000,0
干农活都是小时候的噩梦,b65876e2,445.71900,0
身体健康 平平安安,b859b10,712.38200,0
想要一段甜甜的恋爱,8f2e9f1f,996.18700,0
蛋黄派什么梗,b8489346,658.34000,0
还没见过板栗树长啥样,b8489346,519.46000,0
以前外婆家，摘花生偷懒，没摘多少，却吃了很多，哈哈,b8489346,419.82000,0
真就看治愈视频也净化不了有些人的戾气呗,c89759ef,1042.97400,0
看见天空许愿，也不能算是无礼吧。,c89759ef,1012.55400,0
李子柒好累呀！,4b50861a,397.76800,0
如果我没记错的话南瓜藤很扎手。。。。牛皮,fb242bd,327.86000,0
突然笑出了声哈哈哈（大人时代变了）,fb242bd,257.86000,0
黑的就是嫉妒呗，人红是非多,c89759ef,142.20000,0
教资顺利,6c658414,996.56600,0
前面作文的，我也是,931a6158,28.13700,0
投壶,f01e6ba0,1361.33400,0
以前还去帮忙摘花生,97bd880c,393.98000,0
原来这就叫八月炸啊,32d99d29,558.35700,0
要幸福啊 我爱的子柒,e953d694,1321.37900,0
不是换衣服 是热的一件一件脱到最里面一件 就怕不认真看还瞎说的人了,e953d694,419.13100,0
希望我家都会好起来,47a2acb6,998.34400,0
希望我会好起来,47a2acb6,658.18400,0
英语考好   统考考好  高考考好！！！,838bf667,995.74200,0
教师资格证必过！！！,3e1af2a9,995.58100,0
教师资格证必过,3e1af2a9,656.99900,0
一切顺遂平安,dfaec1d,1322.63600,0
希望子柒搞一个保温柜，把做完的菜放进去，防止奶奶吃凉了,9323cf3a,1038.24800,0
力气真大,93a6159a,420.49800,0
肖八过来的举个手,b7edd440,351.37800,0
这也太专业了吧。,e0a6803f,815.21300,0
为啥有人叫紫米有人叫黑米,e0a6803f,499.13900,0
丝瓜苗的你是认真的？！！,646385c5,1143.61500,0
南瓜藤尖,646385c5,1081.74800,0
这些常识感觉好多人不知道,646385c5,544.40400,0
南瓜的那个藤手碰到很难受的，扎手,646385c5,317.24700,0
没下过地的体会不到这是有多累的,646385c5,115.09200,0
来了,15367142,18.54000,0
许什么愿傻子,eca60a4d,1027.43300,0
南瓜藤 超级好吃,5652c09c,1128.29200,0
欢迎姐姐，随便坐哈,a410abb6,907.34800,0
一集拍一年,b763f9cc,255.42000,0
米酒？,2764faac,627.46000,0
淦，为毛你们那边农村有这么多东西我们这边就只有小麦和玉米,2764faac,592.97900,0
黑色壳的是糯米啥泡坏了  城里人,eddd4545,307.72700,0
热爱生活，期待未来，加油，加油,8edf4581,25.94500,0
挖个地窖好一点,4cb67555,375.96600,0
沙土地的花生才好,af022392,428.28800,0
彼岸花？？,188d13e2,502.99400,0
这是菜油,7a462791,1029.39600,0
前方高能预警,b2410f67,471.12100,0
健康如意 开开心心,fe6d7a9d,1325.05400,0
不要生病,86bfad3c,1056.83100,0
能有个男朋友!,a42fcc20,1017.87600,0
治愈我的睡眠,fe6d7a9d,44.94800,0
我在井上我为什么要看美食节目啊啊啊啊点不了外卖,7fa11efa,1301.64500,0
金色传说,24bf36c6,1215.72100,0
考证顺利通过！！,673a7cda,996.10200,0
是不是还要做个南瓜子,631d4501,742.02000,0
姐姐又要酿酒吗,7fa11efa,605.40500,0
发糕,cf5f4c6c,846.25200,0
我宁愿她有人帮忙都可以，这样太累了,4887108b,383.72000,0
顶瓜瓜?,7da024d,351.89900,0
考研上岸,57290169,995.97400,0
考研上岸,57290169,1000.80400,0
早点上班啊,5e7f6a39,1317.87700,0
这个游戏高级，有文化,55a0ff3c,1354.67100,0
唯一要经常倒回去看的视频,55a0ff3c,1326.09100,0
发愿望的都不行,55a0ff3c,1003.66300,0
虽远必诛，笑死了,55a0ff3c,916.84300,0
还有亲戚？,55a0ff3c,895.15800,0
发愿望的都不实现,55a0ff3c,765.79400,0
别再说陶爷爷了，他草盛豆苗稀，啥都不会,55a0ff3c,464.71000,0
这样不用除草，绝了,55a0ff3c,127.52100,0
我家花生皮的颜色都是纯色的，这个炫酷哦,55a0ff3c,56.25000,0
扎早了吧，我的姐姐,9efa48af,106.30300,0
婆婆长命百岁！！,92cd77ba,917.99800,0
为什么我家院里的南瓜只长秧子不长南瓜,c4bba007,357.68000,0
低谷期快走快走快走,3ddee4d0,1011.10200,0
考试顺利！,3ddee4d0,995.86000,0
希望我的数学成绩可以提上去,3ddee4d0,658.42400,0
第一次见到板栗树呢,33d53771,621.94000,0
吃得完嘛，那么多,81ed0ce4,356.67600,0
说向往的生活的，麻烦先去乡下耕田再回来说这句话,81ed0ce4,212.23600,0
找到工作 财运亨通 跟江力恋爱顺利修成正果,62f20aa3,999.87000,0
摘花生能摘到手抽筋，打谷子痒到睡不着！,78360251,446.88600,0
黑地膜才不长杂草，这膜累死。,78360251,98.16600,0
考证加油啊,1a5f50ed,996.10600,0
谁他母亲的再说子柒误导人农活很轻松的，自己去试试,7e996d81,101.67200,0
真的专业,c7f03b0b,104.48900,0
什么白领扛不动，扛过，完全可以,266dff8a,472.80000,0
收割完坐车回去，这个镜头好像用过了,266dff8a,281.80000,0
四级顺利通过 姨妈明天来 平平安安健健康康 我喜欢的女孩也喜欢我,2844125a,656.51000,0
好吃,8b4b353c,968.56200,0
一家平安,6ddd6568,1000.59500,0
减肥成功 面上管培生！,b134bc09,1319.40000,0
减肥成功,b134bc09,996.42100,0
彼岸花,60b1b645,509.31100,0
这猪肉是她自己杀的猪嘛,e6eed82c,770.06200,0
真的看哭了,4d92455a,1184.97900,0
",",95574ce1,1025.98000,0
家人健康,ba95a5ab,1328.78800,0
南瓜尖巨不好吃，毛茸茸的,9563fe7e,1129.51900,0
好一个平平无奇！,62a22233,1254.57900,0
紫米唉！表白紫色，我最爱的两个女孩子，子柒跟杨紫 哈哈哈哈,62a22233,636.19000,0
蛇皮口袋，尿素口袋哈哈哈哈哈,62a22233,469.84100,0
我喜欢剥棉花,62a22233,444.04100,0
我老家现在都还有这个耙子！晒东西都用这个,62a22233,429.86100,0
这个花生产量很少，很好吃,62a22233,385.06100,0
种地是超级超级辛苦的,62a22233,192.79000,0
国考上岸！！,bc15b1b4,995.71000,0
四川真好看，什么都有！,62a22233,61.41000,0
公务员上岸！！！,bc15b1b4,707.36900,0
她是真的喜欢酿酒,bc789c75,654.99700,0
阿姐好有高手风范,31724495,1342.68800,0
阿姐好帅,31724495,1334.82900,0
阿姐好恬静美好啊,31724495,1244.03500,0
有朋自远方来 不亦乐乎，阿姐好高兴的,31724495,943.24000,0
阿姐小心啊,31724495,547.55000,0
拔呀拔呀拔花生,31724495,392.92400,0
阿姐好忙啊,31724495,346.66600,0
来啦！,31724495,8.15400,0
祝你们考上业吉大学！！,72627e5b,1020.45700,0
哇,824fdf71,572.69800,0
，,535d4cb2,1095.81700,0
我开始馋了,2deaab0c,850.15800,0
我知道核桃也长树上！,69f68611,592.61800,0
接下来要做的事 希望有个好的结果,2deaab0c,712.78000,0
延安中学录用！！今天试教顺利自信圆满！,53a2c0a,716.18000,0
一个优秀的自媒体。身后为什么不能有好的团队？不要拿那些炒作团队和真正有能力的团队去比,a7b6b2a9,154.08900,0
饿死了,28e73264,1160.79000,0
劲儿太大了！！,28e73264,888.35800,0
美得很美得很,28e73264,578.85500,0
落花生。。,28e73264,387.35300,0
她劲儿真的好大。。一般人比不了,28e73264,331.35300,0
确实，演戏是演不出真实感的,28e73264,173.85000,0
熬夜看子柒,324ed420,38.88500,0
擦哦，这把人累死了。。,28e73264,126.85000,0
特像蜡笔小新里面吉永老师一集，哈哈哈,28e73264,99.35000,0
丁真的小马永远跑第一，大家一起开开心心！,51bcbae,1328.69900,0
我觉得姐姐一人干那么多活，真的好累啊，但是，看到加速，我真的莫名有点想笑，就好可爱啊,a7d00f59,393.70000,0
愿考试过过过！！,f36f280,1323.24100,0
因为吃的健康  身体好,9df9555e,1082.88900,0
中国几千年来大多女性的生活写照,65294198,724.56600,0
我想起小时候摇这个了，一转眼快20年了,bf467c13,451.39100,0
期末考试顺利通过,c9107741,1014.75000,0
潇洒,cfdb9b51,1338.96000,0
花毛一体,cfdb9b51,989.78000,0
华农看了直呼内行,cfdb9b51,550.78000,0
公务员考试进面！,c2145471,1006.66800,0
八月瓜,81ed468b,545.98000,0
考完上岸,4fd88ec2,1056.01900,0
我向往的生活,c6e62738,508.10000,0
考研上岸,90aae4ad,1002.18600,0
太辛苦了,9cef4668,93.91100,0
考研上岸,90aae4ad,661.70600,0
越来越好,ab4a40a1,1001.40700,0
全家身体健康吧，事事顺意,ab4a40a1,998.50500,0
小时候打板栗正正好砸眼睛上,852d5ed1,526.06000,0
李子陆,369167ad,931.62000,0
女侠，女侠,15034ccb,1334.97600,0
小森林。。。 不是小树林,d3065d6b,605.73300,0
在中国应该叫龙爪花,22fa973a,500.92000,0
这绝味,a10924c5,549.66900,0
这花生 应该是没施肥,a10924c5,398.16100,0
活着,a220988e,683.49700,0
因为经常有人说假拍，所以就这样拍了,6128889c,91.83700,0
菜籽油，哇，多少年没吃过菜籽油了,a7ae73ff,1050.79000,0
米酒,a7ae73ff,644.62100,0
fgnb,6371fe97,1208.18800,0
好耐心,ce345846,121.77100,0
瘦下来 喜欢的人喜欢上我,925d3504,665.00000,0
我的口水:(,dfc2ab78,1193.10800,0
做饭很累,19435d65,1042.81100,0
现在我们这有直接收割脱壳烘干的，都不用晒了,19435d65,320.72900,0
电影是小森林。。。不是小树林啊,d58a9d20,606.38100,0
摸鱼,53cf9779,508.56400,0
爱了子柒,53cf9779,457.79000,0
教资过过过！！！！,6c6a7dd9,1004.79000,0
国考上岸！！！！！,6c6a7dd9,1002.99000,0
这小熊还在,2638c61a,767.01400,0
苏式糕点师傅问你什么时候过去,6129b0c8,1190.24700,0
盐水煮毛豆是真好吃,6129b0c8,985.23400,0
我馋她家的饭ㅍ_ㅍ,6129b0c8,869.30900,0
这个太厉害了,d9bfb080,459.28000,0
绿蚁新醅酒,2e408627,682.12300,0
哈哈哈哈哈哈哈,a743bcca,1340.46600,0
平安度过2020，迎来2021,10d15b09,1322.61600,0
四级一次给我过啊啊啊啊,10d15b09,998.11800,0
我也想娶这样的女人,ce90e4b2,357.88000,0
哈哈哈哈哈哈,a743bcca,92.46500,0
毛给去了，其实不去也没什么，就是影响口感，想想你吃的时候先被奇怪的毛毛绕一下,32a8c449,1154.36900,0
南瓜苗特别好吃,32a8c449,1129.94900,0
好厉害,32a8c449,947.17400,0
在我这边，婆婆是外婆的意思,32a8c449,905.87400,0
南瓜甜的才好吃啊(●°u°●)​ 」,32a8c449,837.83400,0
甜酒啊！！！我奶奶都不继续做的甜酒，外面买的味道不知道有多怪,32a8c449,642.47400,0
板栗本来就可以生吃的,32a8c449,610.29400,0
前面毛茸茸的你给我站住，那是刺，是刺，扎人超级疼得刺啊喂,32a8c449,539.26500,0
板栗啊，我童年的回忆,32a8c449,520.78500,0
那一袋谷子，别说一袋了，我连半袋都提不动，得拖着走，还是走两步停一下的那种……,32a8c449,497.86200,0
好想吃啊啊啊啊啊,10d15b09,849.19800,0
后期团队鼎力支持,d23c5a52,229.55000,0
我一20岁的小伙子天天来看,d23c5a52,158.05500,0
找一找生活的样子,d23c5a52,104.21200,0
四级必过,5c744763,1321.31300,0
2021考上本科大学,53fb55c4,1336.75300,0
家人平安,53fb55c4,1350.48500,0
这就石蒜花吧 学校有好多,dc53ef0b,510.35500,0
考上重高,a97ab371,999.04000,0
胡老师事业编考公顺利,b09d6ddb,1061.86100,0
胡老师国考过过过,b09d6ddb,712.14500,0
考上本科！家人健康！,d68eb08,996.06900,0
许愿学业有成，家人安康,1e62af99,656.63500,0
高考加油！,a5c0968,999.64500,0
啊啊啊啊啊啊啊啊啊啊啊啊,e65370b8,1193.91100,0
夜来香耶,755a761f,420.96900,0
祝祈福祈愿的全部不成功，弹幕礼仪白学了？？,dc94e0e2,1021.75200,0
祝祈福祈愿的全部不成功，弹幕礼仪白学了？,dc94e0e2,1010.25700,0
平平无奇,66b2f532,1261.30200,0
彼岸花,2c0063cf,519.80100,0
换换别的话题吧，老是这么说有意思吗,95260d13,235.92600,0
李子五,3202f433,939.37500,0
家人平安幸福,abbf7d68,1362.37600,0
+,ebcafceb,94.40400,0
和喜欢的人在一起,a0b9399a,1025.93800,0
希望喜欢的他好好的,a0b9399a,763.75200,0
变瘦变美,770788a9,1361.84400,0
突然想家了………,61f869d,811.19000,0
许愿必遭反噬,f6ecf296,1341.24600,0
好像看见了自己的外婆。,61f869d,75.52000,0
能不能学学子柒靠双手创造幸福？？,95dd3abd,1339.50600,0
切糕?,9b56295b,846.58400,0
不加快进别人说摆拍不是自己做的，加了快进有的人又说不接受，哪那么事儿逼呢？,80b2da36,173.16100,0
嗬    这鱼剁的,95dd3abd,936.24600,0
回收封面,95dd3abd,548.08900,0
童年噩梦,f6a48e7b,404.41100,0
一月之内足够自律！,9204adea,996.33400,0
八月瓜,9d733dab,564.73300,0
中考考上外县,1b2888d9,656.52100,0
拿到csm的offer,5697e11d,1010.08900,0
许愿钟离出必还愿,eb8b9f5c,995.97200,0
许愿钟离出必还愿,eb8b9f5c,657.66000,0
加油,aa43a114,637.15000,0
好可爱！,7f2cdf0b,30.33100,0
诸事顺遂，变好看，成绩好,9cb11602,659.96000,0
考试通过,f3c55e5f,661.49300,0
这东西超扎人呜呜,7ce63ee7,541.58600,0
早日收复台湾，实现两个一百年计划,8edfdfc0,1005.55200,0
在四川紫苏真的很平常，在我老家就是一种路边随处可见的野草,8edfdfc0,976.18300,0
收花生我收到吐了 很累,aebd844c,375.66000,0
起飞,fdf90584,1358.73400,0
想他回来,e4e5c269,1328.39900,0
Ohhhhhhhh,fdf90584,1189.37100,0
裂开了,fdf90584,767.17700,0
法考考过！,cc5eaa76,1321.74600,0
法考顺利通过！108+,cc5eaa76,995.96700,0
哈哈哈哈，花生的衣服好时尚,20b258c,62.83900,0
太美了,90ed09c8,372.46000,0
祝小芸考研成功,2e9155e6,665.20900,0
好累的样子，有点心疼,b32f0063,126.67900,0
鱼子tang,1329b2eb,1084.40500,0
？！,1329b2eb,888.43700,0
钢铁侠红,1329b2eb,823.46000,0
复chou者？！！,1329b2eb,819.57700,0
顺利毕业！,4a5d9db7,1002.82500,0
希望能顺利毕业！,4a5d9db7,677.25500,0
这才是应该是国宴,9002083e,1310.45500,0
平平无奇。。。,c23015bb,1260.88000,0
投壶！,686b75d5,1346.51000,0
柒姐姐！可太美啦！！！,686b75d5,705.69400,0
柒姐姐的新衣服！太好看啦！！！！！,686b75d5,667.27000,0
赚大钱,fbb647ff,714.40900,0
有钱,fbb647ff,698.87800,0
许个愿有什么好吐槽的,79b521a0,1077.14800,0
高考660分,79b521a0,996.74800,0
咪咪早日康复 永远健康,79b521a0,701.26700,0
2022武大厦大,79b521a0,657.88500,0
力气属实很大，不愧是经常干活儿的。,d8cfbb6a,542.44000,0
幸福的团队人员,c2817f9d,1271.62500,0
看这个的有没有小姐姐呢？,7a62e617,262.61100,0
考上大学！！,f8cfaccb,995.73000,0
插画之路上岸一定,f80f5b9e,1002.57900,0
代入感好强，我已经开始腰疼了,c2ccc3ce,344.22000,0
愿明年活出自己,f80f5b9e,757.95900,0
愿明年世界没有病毒，没有战争，没有贫困,f80f5b9e,727.66000,0
愿明年上岸速写，色彩，有自己的画集，还有接商稿,f80f5b9e,711.33900,0
调到更好的学校,d8eda677,1322.72900,0
曼珠沙华,4d42b847,503.26300,0
调到更好的学校,d8eda677,998.54800,0
家人平安 早日脱单,f1c05c48,639.76400,0
这工作量,fb708b5f,405.31100,0
顺利毕业啊！,c8a25a75,1000.40400,0
瓜巅,acd91a9d,1128.70000,0
红油糍粑,acd91a9d,1109.48000,0
哇,acd91a9d,999.82000,0
超级累,acd91a9d,877.56000,0
糍粑,acd91a9d,868.80000,0
甜酒！！！！！,acd91a9d,641.60000,0
去皮,acd91a9d,467.98000,0
酒鬼柒,83dad697,635.56000,0
专业,acd91a9d,84.66000,0
娶到这样的老婆简直能过上天堂的生活,61be544c,1287.13400,0
都是许愿怪啊,cd3c18fe,1341.68000,0
都是许愿怪啊,cd3c18fe,1351.40500,0
这些许愿的我也是服了,b79d1669,1025.88200,0
一切顺利,ee3d9152,1355.24100,0
考研人好累,bf6d33f1,364.07000,0
接下来一个月转运,f75739a7,1014.02600,0
哈哈哈哈，好可爱呀,e33948a6,88.13600,0
以后都考一个好成绩,e95feb1a,1321.87900,0
生地中考加油！！！考上理想的高中！！！,6d08fd76,995.19800,0
生地中考加油！！！考到理想的成绩！,6d08fd76,995.19800,0
大大小小的考试顺利,e95feb1a,1014.06600,0
好像浙江的清炒蕨菜芽,bec53e46,1139.63400,0
老婆真能干啊！！好棒,520129a6,572.22000,0
考试必胜,d6855908,188.49100,0
拿藤果不是八月瓜，不是一种东西,ae425762,564.43400,0
是紫米!,ae768327,502.00000,0
杀死,89b306ca,1338.10000,0
老酒鬼李子柒，哈哈哈哈哈哈,f7156fe4,689.07100,0
李子柒的眼睛里面有光吖,f7156fe4,589.87500,0
我夏天老用它当电风扇,f7156fe4,452.59000,0
这个我家以前有,f7156fe4,447.61000,0
小麦吗,f7156fe4,157.96400,0
当初为了李子柒下了抖音，现在终于能在B站看长视频了,f7156fe4,145.84000,0
哇，这个样子的大锅我外婆家也有。,c31b459b,1160.50400,0
这个要小心,65468d1,525.02000,0
传统手艺,65468d1,448.02000,0
好开心啊,3702d3ef,1319.25200,0
这是玻璃杯？,3702d3ef,1242.79300,0
看着好高端,3702d3ef,1195.17800,0
我都是剥给自己吃的哈哈,65468d1,68.10000,0
这个里突然想到嫦娥,3702d3ef,883.11400,0
第一次看见这样的板栗,3702d3ef,536.40400,0
看的我都想去种地了,3702d3ef,470.44100,0
这么多,3702d3ef,351.74300,0
大学顺利,7507a7d0,1332.76100,0
身体健康 万事如意,7507a7d0,1325.91100,0
家人和自己都平安喜乐,7507a7d0,1020.56800,0
身体健康 事事顺利,7507a7d0,1008.68200,0
期末不挂科,c4df22d0,997.59900,0
这些我也都干过 唉 家里穷啊 ,1edf6dc2,434.15300,0
早日脱单,a1a8aa73,1041.54000,0
找到好工作,aafa51b1,996.29200,0
债务解除 家人健康 就好了,56508b97,1335.38800,0
打糍粑很累啊,56508b97,884.58900,0
当我也吃过了,edff825e,1341.94300,0
期末不挂科,a7e58fd7,679.14500,0
能别那么挑了么？不露脸又有人说证明不了是她自己干的活，所以就直接让你看到是姐姐在干活，证明了是自己干的活还要被挑没有美感。。。。。。,fc32fc9,784.05200,0
烤炉是姐姐自己做的，叫锅盖窑，锅盖是狗狗的名字,fc32fc9,774.29600,0
那也是跟我结婚，前面的想屁吃,fc32fc9,489.34900,0
经常干农活力气是真的很大啊，我农村的女同学瘦巴巴个子小小的，力气超级大,fc32fc9,470.23700,0
姐夫喜欢吃甜的,d2d0bd0,1135.65200,0
种田才是硬道理,d2d0bd0,421.29600,0
有彼岸花的地方便是黄泉,f7d33923,508.22300,0
那个有一吗我笑了，不知道是女孩子还是男孩子,d36e7810,1015.75400,0
考研上岸,f6b67aa4,757.02000,0
真好看着就有了能量,da86ba8d,1275.05900,0
进前十,da86ba8d,1017.16800,0
幸运点快乐点,da86ba8d,672.08600,0
人们的愿望好多呀,1a92b8a6,1332.22900,0
活的更通透,da86ba8d,246.39200,0
………前面的，勤洗头，你也不会油,959459ac,1088.72700,0
考研上岸,97e303b8,996.41300,0
省考上岸！,8d18537,988.33700,0
2021四川省考上岸！！,8d18537,997.10500,0
找到工作，手术成功,fd49a92,11.31200,0
买个电动的吧,28fd0b1a,443.00500,0
鱼肉不是肉吗？,1309699e,1276.81500,0
火烧云,5bca798b,997.00200,0
这个姿势绝了,5bca798b,907.34100,0
姐姐我爱你,5bca798b,846.56000,0
我爱姐姐,5bca798b,837.57600,0
谷子还没熟啊,5bca798b,288.08800,0
早日上岸,cd806d0e,665.27300,0
杂交花生？,5bca798b,50.73900,0
南瓜柄上有小刺，很扎手,9abe8fef,334.75000,0
希望以后平平安安 不出事 头上脸上不要留疤,b918fe4f,675.42800,0
家人身体健康 平平安安,5fa899b6,995.85800,0
这个盆不是婆婆泡脚的那个？,d53927c7,491.13500,0
全家身体健康平安,2f5ae484,1321.91900,0
、‘；lkjhgfdsa、’；l,9623c361,320.45600,0
希望经济师考试顺利过关！,7baccb34,1336.73900,0
好想吃啊啊啊啊啊,2fc1890d,1159.53000,0
忍不住,2fc1890d,1144.69500,0
健康开心快乐,2fc1890d,1024.32600,0
想当年我剁鱼，剁了几遍还是活的，鱼太难受了,2fc1890d,980.87500,0
口水忍不住,2fc1890d,881.69000,0
一切顺利,c875f663,1326.38000,0
考公上岸,c875f663,1005.11000,0
明年顺利辞职，老公事业成功！,4851e481,1324.99800,0
这得多好吃呀,5423c349,1093.71900,0
巨爱黑米,5423c349,480.21900,0
保研！QAQ画质感人,26d9bf86,996.58600,0
哈哈哈哈，100目筛真实了,cfc27cf3,845.22000,0
这个过筛跟捏团的，跟我做颗粒一样，太难了,cfc27cf3,803.46000,0
答辩顺利！,a377c84b,996.28300,0
我最爱,339585ba,1143.91200,0
都很累哇,41ab570a,795.28400,0
华农行为,41ab570a,546.60400,0
这花生产量不高哇,41ab570a,389.48400,0
地膜花生,41ab570a,96.40900,0
配色多好,b037668e,1166.00000,0
感觉一个人做了一座山的农活太厉害了,b037668e,363.31700,0
工作顺利,7d592098,657.06300,0
豆子,3211d885,968.14600,0
板栗烧肉？,3211d885,718.07700,0
？你们在干嘛,3211d885,686.67400,0
中间为什么要戳个洞呢,3211d885,644.75400,0
我糙这就是板栗？,3211d885,532.58400,0
石蒜花，彼岸花,3211d885,504.89300,0
看着简单，实际上好累的，摘过的人都懂,3211d885,389.09600,0
我小时候经常帮外婆晒谷子,3211d885,284.30600,0
英语测试考第一名,270c1b4,1010.82500,0
中国美食！,6d240d6d,1210.26000,0
祝大家工作顺利,6e315ebd,694.34500,0
明年韩语过五级,e1f4a81e,659.25900,0
全家身体健康平安快乐,e1f4a81e,659.25900,0
发许愿弹幕的b站答题都给我滚回去重做,63dee104,0.00000,0
考试别出事…,fe10bc9e,701.67300,0
青龙背上耍刀,8f0a74e,6.62000,0
松糕,f47db75a,846.64500,0
说实话有人帮她完全正常 这么多活儿拍下来的就不少了,f47db75a,470.99300,0
太夸张了 超重的,f47db75a,354.53300,0
八月炸！,5ad66ca6,546.45100,0
学业顺利,aecc6a1,1362.54300,0
家人身体健康一切顺利,aecc6a1,1013.14700,0
万事如意,366824e8,1010.95100,0
考研通过,b2e3dd2e,996.35800,0
太美了太美了,ed19f6b9,94.50000,0
好好生活！,b3d0c3b2,1327.04500,0
希望找到男朋友,25a5250b,673.67300,0
很辣,151dd6fe,967.66900,0
这南方的灯笼椒,151dd6fe,963.32600,0
想吃甜酒了,151dd6fe,649.69200,0
酒曲,151dd6fe,636.75300,0
掰花生是小时候的噩梦,151dd6fe,425.50000,0
找到目标，暴富,6e54937a,657.27800,0
太真实了,da3ad70,441.25700,0
山区你开出来地就是你的菜园,da3ad70,361.63100,0
春天就开始拍了,da3ad70,58.76300,0
我很好奇，没老鼠来吃农作物的码,fa9173f3,316.88900,0
考研上岸,d0f620aa,1317.86000,0
考研上岸,d0f620aa,997.11100,0
考研上岸,d0f620aa,657.98900,0
考试通过,18cc4f9d,1321.83300,0
考试成功,18cc4f9d,1045.65100,0
婆婆是奶奶的意思吧,3bd553f9,903.80100,0
结婚生子,2bbbf692,701.22300,0
考公上岸,c13ea6fb,1331.17700,0
考研上岸啦啦啦！,3779b2bf,1320.42500,0
运气好一点,a93aa3e1,1018.90800,0
绝了,2e726fc,1155.54000,0
省考上岸,d8822659,1328.29100,0
平安顺遂，人长久,1b12a6c6,694.18000,0
简直像是过年,729b56c0,1259.30500,0
希望能和男朋友一起顺利毕业,729b56c0,1020.93000,0
弹幕许愿必遭反噬嘻嘻,25cb34a4,683.08000,0
暴富！！,8323b07b,1006.80400,0
对别人的生活指手画脚 没时间审视下自己吗,629c7606,382.01500,0
有拍摄小姐姐 出境很多次了啊 那又怎么了,629c7606,152.55300,0
阿佳在吗,22bdda2c,37.77800,0
你们会的,6dce1957,717.73900,0
考上中国人民大学,882a0b65,1333.71300,0
多来点朋友陪下子柒叭,4b3f5526,1232.68500,0
四级考过,20014a7,1004.67800,0
希望四级考过,20014a7,723.69800,0
头发好多的漂亮姑娘,fa8356d9,28.56500,0
今年脱单,d5f2bca6,1328.33400,0
团队怎么了，都挺好,9414afb,166.57900,0
真是不喜欢快进模式,aae47350,362.01200,0
看子柒视频享受的是一份宁静，加入快进的镜头破坏了这种感觉,aae47350,247.90900,0
后几期视频中加入快进的做法不能认同呃,aae47350,165.37700,0
颜色也太好看了！,aa186de2,1239.25200,0
家人朋友健健康康平平安安，妹妹的病恢复好，恢复到以前,6d8c0cc8,1346.65800,0
上岸了上岸了,1f17ad84,1360.20900,0
法考上岸,1f17ad84,1018.42800,0
我的天啊 艺术,c61f20f0,1101.72500,0
成功上岸,1f17ad84,681.65000,0
法考成功上岸,1f17ad84,664.31200,0
糍粑！！！！！！！！！！！！！！！！！！！！！,c61f20f0,877.93300,0
我的天,c61f20f0,815.68800,0
板栗太难剥了,c61f20f0,599.00800,0
！！！！！！！！！！,c61f20f0,393.55100,0
公务员上岸,16225d12,1338.18000,0
馋哭了,291bf271,1180.35600,0
卧槽，我好馋！,ca495bc4,1254.14100,0
万事如意呀,15994a5a,1331.51100,0
隔壁家的小孩都馋哭了,291bf271,868.65200,0
子柒姐姐，你穿红色真好看。,291bf271,198.73900,0
找到合适的工作,3ab81bbb,1000.06100,0
八角吗？,1b6f9c2a,169.60400,0
希望我学业顺利,b8a35dc8,662.48900,0
家人身体健康,7c6b3f99,663.01700,0
太油了吧…,3ae2dc6e,1150.59100,0
娶了给你免费干活？笑死了,3ae2dc6e,935.20900,0
逢考必过！身体健康！,3ae2dc6e,662.74000,0
这么多吃得完吗,a491235c,355.27900,0
阿伟死了！！！,8532f2aa,1226.70300,0
为什么弹幕 老有人刷小森林，烦不烦？？？,f24d141b,740.60100,0
就很离谱,ba347e75,1214.18000,0
好累的，好心疼,7aee4c82,417.29400,0
啊啊啊啊上岸！,62d2f7de,996.43900,0
原神玩家别来ky了,fed83012,960.96600,0
我好想哭,1374b164,1241.09300,0
？？？？？？？？？,1b3d5008,684.45800,0
心想事成,20115ce1,1013.90000,0
有病啊，看个视频全是许愿的，有这时间不去复习？？？？这能考的上？？,fc1a407c,999.63600,0
华农来报道了,1d89f172,572.67400,0
通过面试,a3456730,1328.52000,0
不想他了，给我一个明确的答案吧,7dcfded5,996.96900,0
举报，这里有人深夜放毒,ea0c4842,1227.13600,0
天空真干净,6ab2297d,676.62200,0
利索,3c178066,93.25900,0
健健康康，平平安安,a91c3aca,1336.17900,0
米田垌,a009ae58,838.17300,0
让我想起了小森林,9ce07cf0,534.08800,0
我一定会加油,4899fd66,660.38800,0
祝许愿的都不会实现,980e2c59,1043.60400,0
陶渊明也非真隐士，彼此彼此,170fa156,241.77200,0
瓜瓜们,d6958f67,344.48300,0
不愧是天府之国,8c3d5787,499.26500,0
还愿：面试已过，期待一切的美好(✪▽✪)！,b8ab468a,3.34000,0
超级讨厌扣花生 公公去过一次 好累,8fb15a80,391.65900,0
芜湖,733d09a9,483.70000,0
不要对渣男动心,766b108d,1036.71400,0
不会啊 bum有种让人心情平静的感觉,766b108d,504.25700,0
顺利毕业！论文通过,ff14aab0,709.50000,0
?????,a354f27a,669.07900,0
考研上岸,3dd8671e,1341.69400,0
别让我纠结了,7dcfded5,658.55500,0
快进是为了堵黑子的嘴，有人黑她摆拍，有团队,708a9243,419.75700,0
考上清华 拜托,b66582d8,1327.93500,0
爸爸妈妈身体健康！妹妹学业顺利！,16b06446,1004.84800,0
上岸,8a5b0c91,1325.84400,0
你管她结不结婚，她自己开心不比你想好多了。结婚就不是李子柒了吗？,d551b977,617.72600,0
宝藏啊，子柒,d551b977,485.11900,0
进度条是神,d551b977,309.14000,0
法考通过,559bbe00,1355.19700,0
美术联考顺利心想事成,9be7c2fd,997.66800,0
瞎扯，婆婆是外婆的意思,9aa0d432,894.59900,0
也想要甜甜的恋爱,df1f35ea,1000.56000,0
早点放假！考试别挂！,df1f35ea,997.48000,0
我喜欢看美人的脸,2cf7803b,786.22900,0
投壶,47cc6690,1353.29400,0
这个酒杯和酒也太好看了吧,47cc6690,1240.29400,0
自己和家人身体健康，找到男朋友！,3577276e,1005.35900,0
脱单,f57946a7,703.83800,0
教资希望通过,f57946a7,678.07800,0
代玛无bug,530811b3,693.74200,0
花毛一体,6942769b,988.47800,0
我真是太喜欢子柒了！,65fe00e0,1222.98300,0
好喜欢这种环境,bbbbf9b9,224.25500,0
木姜花,d32735cd,478.44400,0
啊，糯米甜酒啊，口水直接出来了。,65fe00e0,675.45000,0
筷子戳，细节啊。没做过的人压根不知道。,65fe00e0,609.57300,0
动作熟练得让人心疼……,65fe00e0,452.95600,0
和喜欢的人在一起,5e57a2ce,1318.22700,0
投壶还行,2c452c6,1330.12500,0
那么大的排骨和熏鱼说没肉？,2c452c6,1286.33000,0
瓜尖！,2c452c6,1080.54500,0
熏鱼,2c452c6,1043.83500,0
八月瓜,2c452c6,542.22700,0
石蒜,2c452c6,502.40300,0
希望和孔婧怡走到最后让我们的孩子成为富二代爱你孔婧怡,8dcad102,659.70900,0
前面的，胭脂花又叫紫茉莉,2c452c6,434.15500,0
胭脂花,2c452c6,417.12700,0
上一次是手割的,2c452c6,251.71500,0
考公上岸！,50792341,1331.52400,0
有病吧你们 许个p,b7a50397,1326.82500,0
？你们愿望没一个实现的,b7a50397,1019.44400,0
突然武侠,d98d46a1,1342.58100,0
加油,3e6c3658,1334.86000,0
油炸鱼肉爱了,d98d46a1,1215.86600,0
努力努力变得更好,390a72db,1324.17500,0
鱼肉不是肉咩,390a72db,1283.36600,0
油温不够哈哈哈,d98d46a1,1151.19400,0
那么多毛毛真的能吃吗,d98d46a1,1097.52200,0
大块鱼肉  很难入味,d98d46a1,948.78600,0
这个打码哈哈哈,d98d46a1,922.89800,0
每次到这里都在想 怎么才能去骗吃骗喝,9e3df3f,1310.47400,0
花毛一体 智慧小吃,9e3df3f,1008.76200,0
芋圆,9e3df3f,809.20500,0
O型巨蟹果然是又细心又有干劲,9e3df3f,691.09000,0
刚说完就坐下了,9e3df3f,420.17600,0
考研上岸！,185e9600,673.40600,0
太治愈了,5bffac16,286.33300,0
太美了,5bffac16,252.61300,0
千年后,c3f5fe27,220.41700,0
一千年后,c3f5fe27,201.13400,0
学业进步身体健康,8b045045,1325.98400,0
山河统一,726f67ea,1362.91100,0
神仙手,6b0f1e3b,333.88000,0
又开始了许愿环节,c264d094,701.82800,0
最好戴个帽子,726f67ea,546.05800,0
这是真累,726f67ea,417.53900,0
板栗里面的皮用开水一烫就搓开了,a2821723,773.83700,0
台湾叫地瓜,4f70ae66,428.66200,0
真暖暖草果,33437a61,975.70200,0
南瓜：感觉身体被掏空,ad40aa45,736.53700,0
南瓜：我裂开来,ad40aa45,731.80000,0
你也会,20ed6518,546.34200,0
卧槽这个汤的颜色,23533a32,1208.85000,0
就算我们不做农活也总得花一些精力建设我们的文化呀,23533a32,786.92000,0
导游考试顺利成功,721b57a1,681.09900,0
希望我的大有考试能够顺利成功,721b57a1,664.10000,0
艺考加油,6067c020,1020.25900,0
我觉得这个不好吃,355e5e73,508.93100,0
爱了,d112e406,1205.48400,0
2021高考成功,d020f075,1345.01600,0
最喜欢的就是彼岸花了,a0b28683,554.95900,0
我喜欢那两只小狗狗,9c5bbd30,285.84800,0
同款老家,9c5bbd30,271.10600,0
心想事成,a83d5f68,1362.51100,0
眼泪不争气的从嘴角留下来,a0179700,1221.33800,0
驴打滚！！,a0179700,1106.59500,0
一生平安,563b9287,1348.64500,0
一生顺利,563b9287,998.87200,0
工作顺利 家人健康 找到对象,d708975b,1318.35800,0
想起了小时候,c29dad60,524.59900,0
工作顺利  家人健康  找到对象,d708975b,999.34000,0
同四川我的婆婆是外婆的意思,255439d4,86.03900,0
八月瓜！爷童回,cf8f697a,544.98900,0
插秧很累的,f1a6d167,210.55800,0
现实版的电影《小树林》,c82e90c4,587.87700,0
建议严查小花生,6126bfaf,86.60800,0
减肥成功,2f6ef330,1363.34000,0
希望瘦下来,2f6ef330,664.70000,0
考上外高,400d7ca2,1068.19700,0
考研成功,2cac12c7,664.57800,0
放弃考研倒也是不必了,eb4c671a,245.82300,0
冰做的杯子,8bb6ab3f,1364.52300,0
慕了,8bb6ab3f,1299.11000,0
怡然自得,74757f6a,325.22100,0
辛苦了都,74757f6a,309.67600,0
菜都不热了,12137e2b,1290.81400,0
国考公务员上岸,b7310924,669.14500,0
向往的生活,80c3cf2c,363.66500,0
当然是累的，不过城里打工不累呀，你们都干什么活计的，白领也不轻松啊，这还有农闲呢,53d9e54,484.21500,0
阖家欢乐，平安顺遂,7c8ceaeb,655.39300,0
小时候家里菜地种过南瓜，从来没有想过吃南瓜藤。。。,3795a639,1146.01300,0
努力起来,2db148ac,1000.47200,0
前面的翔哥老婆 等等我,2db148ac,821.62800,0
射者中，弈者胜,53e11f1a,1351.93900,0
今年脱单！,c59e5a52,656.51900,0
这个好吃！！！！,75efeb74,1081.76700,0
栗子！！！！！！我的最爱,75efeb74,530.79100,0
晒稻谷很辛苦，种水稻更辛苦,75efeb74,447.54900,0
用柴火炒出来的菜更有味,9cbb91df,717.78900,0
把花生摘下来最累,9cbb91df,417.37500,0
木瓜,d74c2877,554.90300,0
我就不应该半夜看,15ccce48,1217.32000,0
和镔镔有缘分,4b8949e5,1009.54000,0
祝愿你们祝愿无效,559be06b,665.35900,0
父母身体健康 工作顺利,985136bf,659.80100,0
万事顺利 高中快乐！！,985136bf,657.77300,0
厦门大学！！,985136bf,657.26200,0
祖国统一,56ee3c10,1340.16000,0
肖八第三套模拟题也有李子柒,b3ff24e3,35.37700,0
哈哈哈哈哈最后这段有必要吗 哈哈哈哈,53282b08,1341.13300,0
拔花生。更痛苦,ac0d5286,232.54000,0
这个工作。很累的，大家看看就好。,ac0d5286,118.10000,0
m咩,9f2a4655,17.88800,0
工作顺利。,1093d3b3,1007.31200,0
联考重本！,eee7af91,1019.42000,0
拿到offer！！,b9d7d52b,1004.77400,0
拿到最想要的offer,b9d7d52b,702.64700,0
希望我能回归曾经,e978612b,1014.90900,0
可,60b3a274,202.66000,0
考进年级前二十，考上一中！,58444a6d,1000.18400,0
这酒的颜色让我大爱啊啊啊啊,ae1b2e02,1241.56200,0
健康平安！！！学习顺利,85f4d4dc,996.37200,0
我来还愿了 考试过了,6f86fd88,678.99200,0
我是那条狗,90fffbdc,31.08000,0
弹幕能礼貌点吗,183d8297,1011.09000,0
真的很好吃！,ddbc8dd9,1140.38200,0
南瓜苗好好吃的,d3c78048,1130.77200,0
真美好啊,946d520f,1327.25900,0
难怪子柒那么瘦，天天运动,f00e8c70,885.34000,0
辛苦了,946d520f,101.58600,0
和lihang好好的！,898f2c01,1004.84700,0
逢考必过 考上一中清美,c2cee36c,656.38700,0
我要死在这个视频里了,604aba3d,1213.49000,0
希望子柒姐永远快乐,d094fdf9,718.81900,0
真的太厉害了,3e1ba8aa,451.26600,0
高考成功！数学历史打破瓶颈期！,7d60c226,658.93700,0
啊啊啊那些心疼心疼的我真的是！有没有更矫情的，换几句夸夸的话比这强,7d60c226,525.65700,0
这么能干我特别佩服，但是那些这心疼那心疼的我真是服了,7d60c226,336.83800,0
工作顺利,8658095b,1332.62900,0
使人宁静,6decabc8,8.21000,0
联考250！,af3366a1,998.00300,0
联考250！,af3366a1,658.29200,0
前面政治考试的，我们语文考试出现了,26f1ef7c,58.67200,0
考编上岸,17524bf7,1009.90900,0
彼岸花不就是石蒜么。。。。。,17524bf7,523.20600,0
田园生活,81a1d2f,157.60000,0
心疼,666d18a7,402.40300,0
做米酒吗？,abc7a80d,623.16900,0
果然是酿酒,ce09f24c,630.42700,0
家人平安水逆退散统考顺利高考加油,838bf667,992.03500,0
考上一高,105ca97a,1322.02000,0
跳槽成功，薪资翻倍,af6bcd53,1264.78800,0
涨薪,af6bcd53,1252.67500,0
变瘦,af6bcd53,1246.74500,0
暴富,af6bcd53,1239.75600,0
逢考必过，万事顺利,e841e5e,1003.27900,0
花生都纹身了,bdc50158,60.91800,0
和mt pf永远在一起,d3eece24,1000.89500,0
我最讨厌摘花生的摘花生真的好累啊腰好痛,3f3f4e60,387.78000,0
还有三年考研我要撑,bf3deb6d,688.59900,0
家人身体健康,3fb5daa5,703.01700,0
考下教资！！！,23163e25,1356.44700,0
来了来了,c27cde21,17.98400,0
找对象,e985141a,1046.46600,0
一战成硕！,ce3a6cd8,1321.92000,0
顺利转本,cb4b767f,1005.98900,0
好漂亮的星空,7413f843,1361.57700,0
快喝 要化了,7413f843,1233.53700,0
这样吃的话我觉得我24小时只剩做饭了哈哈哈哈哈哈哈,7413f843,1206.18000,0
教资秋招一次上岸,f81911ed,729.60100,0
掰这个就厉害了 都是刺,7413f843,333.30000,0
这劳动量不比在健身房泡一天轻松,36ae4ee9,352.96300,0
找到男朋友！,d080133,708.29500,0
希望全家健康顺遂,a47fb015,1346.96300,0
希望一切顺利,a47fb015,1339.62500,0
家人平安健康,a47fb015,1325.37400,0
家人身体健康,a47fb015,1030.20500,0
家人平安，一切顺利,a47fb015,1018.94200,0
求bgm,2d5ba4c3,1290.65700,0
求BMG,2d5ba4c3,1245.19700,0
求bgm,2d5ba4c3,1205.67700,0
真*花毛一体,1b0e9de,994.28500,0
翔哥老婆是我,1e6742cd,828.95300,0
顺顺利利,1e6742cd,663.69400,0
这是四川哪啊,36c7ad99,216.24400,0
期末考进步一百名！,78bbeb75,998.34800,0
呲溜～,93f3564d,1056.58500,0
许愿的请停止你们的麻瓜行为,93f3564d,1002.34500,0
甜酒！！！！！,df84d24d,639.23900,0
希望弹幕跟视频有关,65c9cf10,717.04900,0
别羡慕这样的生活，这些活小时候都干过，累的每次都妈妈说好累，我不做了,65c9cf10,228.71900,0
过六级！,6ed8dcf8,1342.66600,0
我也想喝米酒。,c79dcd69,667.92200,0
柒爷结婚了？,7bfdc630,519.47400,0
小电视的声音,7174efaa,575.80600,0
赤华珠是你吗赤华珠,e6d4074b,507.97400,0
当代中国女性和古代优秀女性的一些品质完美的在柒姐身上得到了结合,261b647c,760.89400,0
发愿的闭嘴,31871312,736.18000,0
她是正常奶奶辈的缩影 非常辛苦 只不过她把美好的一面展示给了大家,f79e73d1,507.02900,0
花毛一体,7964e882,1184.76300,0
屠龙斩,7964e882,935.96300,0
别人开弹幕是为了看你许愿吗,42ae45cc,1110.88900,0
做紫米糕嘛,42ae45cc,793.74900,0
驴打滚？,7a161073,1100.09500,0
主观题必过！！！！！！！！,264a3742,1320.74000,0
绝了！,fadfdfc3,873.51300,0
这个场景太怀念啦！摘完了的茎叶还会拿去喂兔子,fadfdfc3,403.07100,0
教资必过教资必过,30477206,1354.10900,0
第二遍,2f80dea7,39.99800,0
祝家人一生身体安康，平安喜乐,ef876cf2,760.80000,0
吃了长命百岁,f3d0e77f,1113.53900,0
宝宝茁壮成长，事业有成,f3d0e77f,1001.55900,0
好好啊,f3d0e77f,726.49900,0
过有钱,f3d0e77f,661.93900,0
治愈,f3d0e77f,653.95900,0
脱单,f073f67f,789.92900,0
于峻伟2021年升本成功,ca4329d,993.62300,0
不要倒霉,48f88f5f,1011.70700,0
不要倒霉了,48f88f5f,1006.24600,0
半年的劳动就只有五六千，还没算请割稻机和肥料钱。。还好吗？,658a3782,377.21700,0
你和婆婆要好好的生活,3756795c,80.95900,0
鬼畜区新材料来了,b4b81304,86.29200,0
今年四川洪水多,11377456,289.94000,0
和jjx是要一辈子的,f3e5b65d,1031.26800,0
还是喜欢吃生板栗,c178bd6,615.78300,0
始终觉得花生是最累的，从开始到结束,c178bd6,392.44100,0
她红真的是有原因的,ef310cc4,406.62000,0
一看手就知道了，太真实了,ef310cc4,210.22000,0
乡下现在都用收割机收割,2c4875df,288.01900,0
琉璃被子很贵,d9d76008,1258.20600,0
考上大专，找到工作,b4ea36fc,1321.89000,0
万事顺利,b4ea36fc,997.42700,0
上岸,b4ea36fc,996.04100,0
上岸,b4ea36fc,656.74700,0
身体健康,de91e536,1008.63700,0
身体健康,de91e536,700.81800,0
？？？,2650c936,702.68900,0
法考必过,7d72ed1a,998.07200,0
bgm 精卫填海！！！,4c5de5c6,583.67700,0
找个老婆开宠物医院,ad264ee,1328.39400,0
全家安康，万事胜意,588e8cac,995.97900,0
四级必过 加油,ab6e296e,996.65400,0
顺利找到理想的工作,7aa03da5,714.77300,0
真的好可爱啊,be25d618,345.58000,0
板栗树上会有那种一分米多长的那种毛毛虫。,d0204465,549.38700,0
拔花生，小时候老是会碰到蜈蚣和蛇。其他虫子小时候都不怕。,d0204465,273.88900,0
愿身体健康 幸福长久,5473e265,1320.75900,0
考试顺利，身体健康,dcb7aec6,668.60600,0
敲栗嘛,7a1f43f,537.18000,0
绝云毛豆,b9791ed5,965.28400,0
南瓜里面的排骨不是肉吗？,923042a3,1305.24200,0
心想事成,ec2b978b,766.92100,0
看到这个想起了我的妈，也是干这么多活，却没有这么美的地,c2ebb383,511.98400,0
万事遂遂，家人身体健康,d371085d,1323.06000,0
上头了上头了哈哈哈哈哈,a32f280b,1312.53300,0
和陶渊明比？草盛豆苗稀？我怀疑你在diss子柒,a6dd2c44,212.97300,0
考研成功,d997c29,996.35800,0
妈你妹啊！我们的婆婆是奶奶的意思,670a0b39,1306.43100,0
我们南充叫软浆菜，煮出来的汤是紫色的,670a0b39,1277.95100,0
打五哈蘸一哈，免得沾,670a0b39,921.43100,0
作文就是你,788c4b4a,22.95100,0
早日回家工作,d30efa59,1321.40700,0
w,dde0d0cc,697.85200,0
这个是油栗子，很甜,cdc55147,541.28700,0
无敌痒,8637273a,297.34000,0
这是什么神仙啊！！！,98e89b7,1266.00500,0
这是神仙吧！！！！！,98e89b7,1217.84700,0
明显酒酿,ce158996,671.47900,0
华农一个山头，李子柒一个山头。,494e605b,584.73600,0
受不了，给我看饿了呀呀呀呀,df958988,827.19100,0
叫什么婆婆，该改口叫妈了,94ead16f,1299.07000,0
八月瓜,f8f85dea,550.52000,0
bgm好好听,48a4410e,976.87000,0
有房有车有教师编,d14adbc,696.42000,0
有房有车有教师编,d14adbc,683.98000,0
←不然为什么叫毛栗子,bf544928,538.60100,0
我馋了我馋了,7a47cf18,1233.72700,0
今年上岸,5fdb9728,1363.08000,0
研究生上岸,5fdb9728,1336.40000,0
考上研究生,5fdb9728,1001.96000,0
上岸,5fdb9728,661.54000,0
一切都好起来吧,1243adf5,1319.56200,0
一切顺利，状态无敌好，不再胡思乱想增加内耗,1243adf5,998.57300,0
我和家人们身体健康，平安喜乐,1243adf5,660.09500,0
希望我能考上重高❤️,6dd745fc,1336.66000,0
红曲酒,9cb67aad,646.11400,0
哇！就很绝！,65765f0a,1289.65500,0
996还好吗,e066ebdc,1042.13900,0
四川南充人,e066ebdc,947.23900,0
四川口音,e066ebdc,605.63900,0
这一筐得多么多么沉啊！她能一个人搬动,4c631314,342.17500,0
春分,865d4b5e,35.00200,0
考上好大学，有个好对象,1a4e4a15,657.85700,0
考上大学，家庭幸福,14f60f83,1015.38000,0
瓜熟子离离,eaa9b959,344.84100,0
摘花生太痛苦了,c4f3370,404.28100,0
吉祥如意！,911f0697,1331.51800,0
平安喜乐,911f0697,999.74300,0
家人身体健康！,911f0697,702.78300,0
投壶,b7217d91,1359.08100,0
最后一次 成功上岸,98d57e07,1321.26000,0
成功上岸！,98d57e07,998.10000,0
紫苏炒田螺，绝顶美味味！,74252138,967.26800,0
第一次见这种花生,4a8fe5f9,72.66000,0
生活艺术家,5742588,1230.59600,0
梨花么,4a8fe5f9,43.66000,0
弹幕许愿接落空，厄运连连,f0840acb,665.96400,0
哇,53dd2cdb,1248.73400,0
地狱恶犬烤炉,53dd2cdb,767.23300,0
这南瓜，看着就甜,53dd2cdb,745.55300,0
农村生活，习惯了就好,53dd2cdb,367.64100,0
蚂蚱:快跑啊！,53dd2cdb,289.92100,0
这腰会很酸痛…,9337c179,391.58600,0
好累呀…,9337c179,345.36300,0
减肥成功,51fc44d7,662.03400,0
鬼畜,4fdae666,89.02300,0
我最爱的瓜尖,eb910182,1126.70200,0
平安遂顺,11a9771e,705.27300,0
此刻，姐夫还在打糍粑,1f78257e,1036.81900,0
拿藤果的都是老华农了,1f78257e,551.61500,0
233,ba76297e,50.56100,0
营养坨…？？？,8ce17fc2,32.09900,0
这真就绝云椒椒,a71d446f,974.33500,0
此女子不得了,23164d00,1233.75500,0
剩下的可以给我不,23164d00,1202.71000,0
那也不能给你看几个小时耕地啊,5e675d41,102.54800,0
终于有样我会的了,36307f5c,148.43000,0
太强了,28564715,1231.28200,0
小时候在外婆家都干过超累的,8f7e8a0b,461.93300,0
考研顺利啊啊啊啊,63e9ff17,1008.00100,0
逢考必过！！！,86768708,1000.10500,0
这是紫苏吧,77ae134c,962.00900,0
美啊,63f28af4,316.31400,0
这个我奶奶家也有,77ae134c,448.93800,0
这个我也干过，特别累,77ae134c,287.57800,0
草盛豆苗稀的笑死,77ae134c,191.15800,0
你等会把门关一下，我走了,77ae134c,66.01200,0
迷惑弹幕,b308070d,1049.10600,0
教资sj上岸，专升本上岸,f61822e9,695.36900,0
这个是豆油吧？,1a7ba3da,1046.23400,0
辛苦了！农活是噩梦啊！,e5ee5e0f,429.09100,0
姐姐太能干了！,e5ee5e0f,366.59000,0
考研成功！瘦下来,51304072,655.40100,0
考研成功！瘦下来！,51304072,656.42800,0
雅思上岸！过六！,25566ab9,662.97400,0
胶鞋上树啊,3103ac7,555.51900,0
老鼠开心了,3103ac7,467.04500,0
啊啊啊看着好好吃,52f853d6,1025.81100,0
家人平安健康，还有就是我脱单脱单！,5d81b612,998.83100,0
牛,66bbbaa1,1119.83800,0
我饿了,d967b6b4,1224.41800,0
通过法考,d967b6b4,679.40400,0
万事如意,823f3b2,1329.65300,0
狗狗的声音有一瞬间和BGM混在一起了哈哈哈,823f3b2,872.15500,0
nature,64860c6d,1004.43300,0
上岸,9b2c8f7c,661.93000,0
nature一作,64860c6d,728.93400,0
葫芦娃,fec056a6,300.68400,0
学做菜,4462eeed,710.65700,0
检查顺利,ca2cfdd9,1008.34000,0
丝瓜搓澡的站住，是个狠人，我们都用来洗碗,e4b6f6f4,987.35300,0
小时候我都干不了这些，真的好累,e4b6f6f4,903.03300,0
甜酒,e4b6f6f4,639.31300,0
你光羡慕，等你去干农活的时候就知道这其中的辛苦了,e4b6f6f4,195.19300,0
呸！被接受,3c2c6009,997.78700,0
原耽被授受    这个圈子再干净一点(圈地自萌，我家人都很好，谢谢。),3c2c6009,997.34700,0
什么都会弄,68825659,502.16100,0
好能干压,68825659,484.51300,0
为什么一定会便宜哪个小子，求婚恋批不要强加价值观给别人,4ab1a814,151.77800,0
心想事成！！,d5190e4b,1364.46500,0
心想事成！！！,d5190e4b,995.74300,0
找工作顺利,b5b9a18d,1320.11800,0
看到这里超怀念小时候在外婆家的时候，收板栗花生这种好熟悉啊,44958aa9,564.23900,0
哇原来是这样,37a5e91,534.28300,0
干活比我们这边麻烦很多，多了很多不必要的步骤,94d8475b,407.50000,0
这场景让我想家了…,dcb40676,46.60200,0
黑摆拍的太多，所以快放,37a5e91,367.15800,0
我就在农村，,37a5e91,182.82100,0
这手法,37a5e91,162.22800,0
考核过,22913bed,1053.37100,0
彼岸花,22913bed,508.43800,0
好看的想哭,9d76d7b8,1226.41400,0
小时候也，想像过自己是这样的无所不能。。。,9d76d7b8,748.65400,0
神仙姐姐我来了!,9d76d7b8,13.22000,0
拿到心仪的offer,aa787642,1051.71400,0
成功上岸,aa787642,1028.84500,0
小森林那味儿,e724b67b,126.34000,0
纪录片那味,e724b67b,44.07900,0
更新慢，但是质量高，,e724b67b,24.24000,0
我也是心疼看着真的累,32406077,586.24200,0
看着好辛苦啊,32406077,438.76100,0
全家人身体健康,a789ba0b,1237.29400,0
进度条危以,7274610b,1342.47000,0
眼影好看,2ac8d8d8,1063.56100,0
我好可,ff2c364c,1246.23800,0
想要这样的媳妇儿,ff2c364c,944.91400,0
高考600+，一定可以的！,c80c39f2,998.37300,0
干农活真的超级累的,22b99464,315.52000,0
市质检500+,c80c39f2,655.29900,0
小时候超怕下地的，太苦了。。风吹日晒。,c3f21092,116.82000,0
我高二的时候政治会考出现了姐姐,c80c39f2,50.87400,0
现代人哈哈哈哈哈哈哈,37e7b62,910.50000,0
这样放 南瓜容易烂,5f01e02,359.76300,0
这是投壶啊,9657c4b2,1348.22700,0
考上高中,9657c4b2,1330.94600,0
我也想吃啊啊啊啊啊啊啊啊啊啊啊啊啊啊,9657c4b2,1258.16800,0
前面那个弹幕你站住，这可不是马卡龙你家马卡龙这么制作？,9657c4b2,1208.37000,0
中考顺利,9657c4b2,1008.86500,0
那个打糍粑是中国的~,9657c4b2,965.58100,0
那个烤窑制作我都不会,9657c4b2,891.24700,0
中考加油,9657c4b2,671.16300,0
彼岸花太美了,9657c4b2,537.71300,0
逢考必过，笑口常开。,3171fb98,1319.67400,0
天天开心，身体健康今年脱单,59a6f84b,1350.73200,0
法考上岸,3171fb98,716.02900,0
熏鱼,1eb7a37d,1035.06900,0
她都有婆婆了别酸了你们,b976e920,875.61400,0
希望子柒姐姐永远开心，每期视频都有婆婆相陪。,a2dbd1c4,1320.00400,0
开头的咩让我以为羊没了,d5896929,0.57400,0
乾坤南瓜 里面当然有乾坤了,6713c0f0,1277.85200,0
学业有成,6fcb1221,1324.84600,0
彼岸花爱了,3a8f05a5,507.44100,0
希望12月能过六级,15072bc1,725.86000,0
拍的确实好,e15610cf,1030.29500,0
干活真的超累,26740dd3,132.72100,0
考研,a9fb5599,1000.36000,0
面包窑闪亮登场,3cb33d71,761.12200,0
家人平安，明天考中一本。,a2dbd1c4,997.05400,0
牛哇！姐妹！！！,105444a,1345.43600,0
请问我是不是你失散的妹妹，我有机会吗？,105444a,1094.92500,0
菜籽油,dbd33cd8,1039.01100,0
这个为什么要打码啊？,dbd33cd8,903.26100,0
桂花是苦的,3551a541,1190.96200,0
成绩蒸蒸日上。,2b1cec4f,997.67100,0
一生顺利,105444a,709.29100,0
和男朋友复合,62ba3094,709.69800,0
陶渊明完拜,9e45c2f5,261.57200,0
中考顺利,c81e0eca,999.44800,0
中考顺利,c81e0eca,658.59000,0
有种仓鼠囤货的快乐,e9064748,362.81100,0
爱了,23420eef,1195.13900,0
从这几刀真是看出来这妹纸玩的全是真的。我拜了,23420eef,942.34000,0
来都来了,75ff8b4b,914.82000,0
八月瓜吗,37f243ae,572.08000,0
手一看就很真实,37f243ae,199.36400,0
看起来好好吃,8a9db403,1031.46400,0
早日找到工作,8a9db403,1002.53700,0
这个BGM好好听啊,a2748413,616.50000,0
考试顺利,1d44a20d,1032.20400,0
脱单成功,1d44a20d,1025.64600,0
学业进步！,4126b841,1031.46800,0
越来越好，我爱的人身体健康,9e0777c1,687.59800,0
一切安好,51056432,1356.49100,0
合格考必过！！！！,60d1d310,997.77700,0
说喜欢的人绝对撑不过三天,8cb55907,550.13300,0
炸草鱼！,e393fcf7,1022.56400,0
期中考加油,e393fcf7,667.88800,0
家人健康，一切顺利，考研上岸！！！,275736c3,997.86000,0
哈呼~~~~~~~~~,e8803cc0,1087.85700,0
语文文阅读,ec71a13f,28.43400,0
好辛苦,e393fcf7,349.41600,0
好绝绝云辣椒,f5792e74,955.03000,0
成功上岸,f5792e74,712.94000,0
华农的最爱,6110449b,567.73500,0
南瓜的一生,4017fd89,356.68600,0
这长的好像西瓜,7e3108a9,181.34200,0
薰魚啊！,485df440,1040.38300,0
戴个帽子可好,1bfa4e99,523.58500,0
南瓜头超好吃,def87f22,1091.26700,0
逢考必过，考上暨南,def87f22,1027.88700,0
弹幕真烦，该努力就努力去，在这里发有个屁用啊！,2d642717,999.89000,0
啊啊啊啊啊啊啊啊,59557328,1254.28800,0
边角料我可以！,59557328,1187.30300,0
我去，这吃不完啊,c0ea96da,348.47800,0
辛苦了,d458f06c,1298.58300,0
心疼,d458f06c,884.88000,0
对 小森林也有,ba8efbc3,556.13700,0
瓜子炒了吃特别香,d458f06c,762.17900,0
真的是非常厉害非常棒的女孩,d458f06c,620.21100,0
谷子弄到身上奇痒难忍,d458f06c,291.29800,0
劳作之美，如此沁人心脾,d458f06c,218.99700,0
身体健康，考编上岸,edfd7fd6,1355.53900,0
一本,c70d46b1,991.76400,0
希望全家人健健康康快快乐乐，大家学业有成，心想事成,1631e631,995.66900,0
希望全家人健健康康的，大家学业有成，心想事成,1631e631,744.07800,0
我要吃边角料！,c83fd08f,1190.04100,0
考试顺利,c83fd08f,998.29000,0
考试不受人影响，考试顺利,c83fd08f,663.64100,0
一站考上华师大！,99e428f7,1331.43300,0
啊啊啊啊呜呜呜呜呜,99e428f7,1251.18200,0
呜呜呜,99e428f7,1189.88600,0
花毛哈哈哈哈哈哈哈,99e428f7,1177.95700,0
天啊,99e428f7,1111.81900,0
南瓜饼？！,99e428f7,849.28700,0
靠 想象不到这是一种什么美味,99e428f7,765.22900,0
靠 这也太好吃了吧,99e428f7,749.70300,0
黑米,f02e6c16,283.29300,0
会育苗,f02e6c16,46.48000,0
我的英语周报上出现了你,4f683b0a,184.27900,0
学业进步，家人健康,ca8e9811,1327.50600,0
鱼死了还能让人馋哭，人呢,16477aa,1053.83300,0
紫色史莱姆的诞生,16477aa,883.15300,0
TNT的配置,16477aa,818.75300,0
现收的米，香死人,16477aa,494.86000,0
好好学习 坚持努力,fa86718c,1014.93200,0
外公身体健康,457da1d9,1041.44700,0
考试考试考试考试考试！,d4d901fb,1322.62300,0
暴富！,d4d901fb,1231.99900,0
今年的考试必过,d4d901fb,1019.86000,0
今年考试必过,d4d901fb,997.07600,0
努力挣钱,d869d354,661.37400,0
希望今年的考试都通过,d4d901fb,658.23900,0
第一上岸,268a05c0,999.85700,0
脱单,c6c16561,1317.61700,0
脱单,c6c16561,995.66800,0
脱单,c6c16561,657.17700,0
脱单,c6c16561,650.17700,0
成为优秀的人,a8295d66,709.18500,0
考好成绩,f147a82d,1335.43700,0
所有的不开心就止此吧，让李子柒治愈我心,ed3475e2,996.69800,0
我再也没有机会和相依为命的奶奶坐在一起一边说话一边干活了,c460d699,410.57800,0
竹篮打水,b2a2683,430.26000,0
你们要的收割机,b2a2683,249.42000,0
很甜 这种花生,fa8ebc83,74.49600,0
月饼！,8014a14e,855.04700,0
顺利找到理想工作,a92ce863,747.42100,0
 下地真的超累,64119e1e,316.02800,0
家人身体健康自己学业有成,527f9b6d,1002.00800,0
呜呜呜我太爱煮毛豆了,527f9b6d,978.96700,0
弹幕真无语  关了关了,46d1e6f1,1141.73600,0
呜呜呜我太爱煮毛豆了,527f9b6d,988.51300,0
突然发现李子柒有点像唐嫣啊,e20d2db4,1283.26200,0
为什么要摘，直接摔不就完了。不同的方法。,fb0fa45d,410.54000,0
可以再次关弹幕了,d3380d,1315.69700,0
可以关弹幕了各位,d3380d,989.73200,0
希望我期中每门都能上80,3415d2a,662.50800,0
不再为他难过 早日脱离分手阴影 不想他。学习成绩高高的,24e0f701,1335.15400,0
不再为他难过,24e0f701,1006.77400,0
花了大量时间，拍，不容易,a3809627,245.32100,0
一路顺风 不挂科 嘿嘿嘿,aaa54054,723.02400,0
省考上岸,3b5911f5,660.77400,0
好漂亮啊,a9869657,141.63000,0
找到我想要的工作,a6855d1b,1002.58000,0
好多呀好幸福,860aaa6e,333.86300,0
可以拍剧了吧,860aaa6e,180.83800,0
花枝乱颤,a5a91234,798.91600,0
希望不用上班,a5a91234,706.79600,0
甜酒,a5a91234,653.06400,0
这个超级无敌痒！虽然我经常玩,d85e8a1,294.46000,0
全家健康，明年暴富,89ca1dd9,1346.10900,0
学业进步,5355d681,1361.74600,0
希望能家人一切安康,d17323fc,1045.62000,0
一切顺利，好好活着,5355d681,996.56200,0
秋招上岸,8ec1d65e,998.71700,0
万事如意一点吧,5355d681,656.72900,0
秋招上岸,8ec1d65e,657.27700,0
南瓜饼吗,11312126,836.53400,0
怪力少年，一手拎筐。,11312126,539.11900,0
上岸一家人身体健康,31baf45c,659.00700,0
这个厉害,11312126,480.88800,0
南瓜藤很扎手。,11312126,350.96000,0
手脚麻烦，,11312126,228.12300,0
电影画质,11312126,201.75900,0
月考加油！,1d477a2d,736.43900,0
祝你们许的愿都实现不了,7ea92f49,670.30000,0
期中考试上500,7ce6dd6e,996.70000,0
家人身体健康,c6f6be,44.04300,0
看过这个之后就会变得很珍惜粮食。,1433382a,296.74000,0
终于有收割机了  以前看她打稻子   好心疼,e44159f6,272.56000,0
这才是中华美食,6aee4804,1232.57400,0
饿了,6aee4804,1031.23000,0
maodou,6aee4804,968.76600,0
看着就累,64cd664e,288.88200,0
看着就累,64cd664e,110.13900,0
希望三年后能成功专升本！！！,a87899b9,669.28700,0
心想事成,df48e639,995.77200,0
一切顺遂,df48e639,656.85200,0
发这个干啥,2d56d43d,715.52600,0
@小花生,b7091c22,161.15000,0
看到这儿，突然又想去看两本种田文了,afe2bde2,488.10600,0
祝我宝贝比赛顺利,ebe6fac4,1028.60500,0
“平平无奇”,bf5991f6,1253.72900,0
南瓜叶洗干净切碎和高压锅压熟的小芋仔一起扥成糊糊超好吃,bf5991f6,1133.81600,0
家里打糍粑都得两个男的轮流上，姐姐太厉害了,bf5991f6,878.91600,0
能干能干能干,5e3a5062,714.56100,0
敲栗子,958e7053,526.12300,0
就这样劳动法 想胖都难,992694cd,418.79300,0
米其林……呵呵,9225fc86,1241.75900,0
ohhhhhhhhhh,9225fc86,1188.69900,0
我勒个去，这个刀功神了,9225fc86,938.63900,0
太帅啦,9225fc86,855.15900,0
又来啦……,9225fc86,661.09900,0
这小身板里面蕴含了多少的能量啊！,9225fc86,349.11900,0
腰超级累！,9225fc86,118.83900,0
血皮菜,44adc35e,970.43900,0
中国矿业大学上岸,7f4899d,997.62900,0
醪糟,44adc35e,663.26700,0
家人健康快乐,4e7905ce,1051.31000,0
好棒啊,f83e27c5,41.66000,0
又开始了。。。,4709dea8,629.37700,0
拿到这个offer，考过科三,2055588d,995.75300,0
希望一切顺利,f3c1d17c,667.14200,0
我希望有一天，小姐姐能遇到那个，比她还能吃苦耐劳，甘愿为她扛下一切护她一辈子的人,75ea1cea,395.49600,0
现实版明兰,ea0f3f12,1364.44000,0
姐姐喝醉了哈哈哈哈哈,ea0f3f12,1318.35000,0
摄影师和剪辑扣鸡腿,c474781e,777.19200,0
子柒露脸太多了，其实干活的时候拍局部特写会更有美感,c474781e,776.51000,0
体验田园生活之美而不是累,c474781e,771.98700,0
姐姐胖点才好啊。之前太瘦了,ea0f3f12,842.95100,0
想多看看美景,c474781e,769.17100,0
全篇就看到能干的子柒，让我想起自己要做的一大堆工作,c474781e,767.20900,0
希望能够见到他的时候瘦下来了,ea0f3f12,716.14500,0
这个放酸奶里面巨好喝,ea0f3f12,638.36900,0
哟西,a0321ee3,857.95800,0
颜色好棒啊,a0321ee3,851.64600,0
烤炉：我裂了你呢？,a0321ee3,784.61400,0
土是最干净的好吧？,ea0f3f12,445.61900,0
这个土哪里污染环境了？,ea0f3f12,436.72100,0
姐姐那里我也想去，我很会干活,ea0f3f12,166.96000,0
脱单脱单！,f7a20630,701.29100,0
宽油警告,f5d3763b,1030.76700,0
考上警校！！！家人身体健康！！！,c8cc16ba,656.60500,0
考研上岸一战成硕,2061ed3f,997.58800,0
研究生上岸,2061ed3f,660.69200,0
我喜欢的人他也喜欢我！！！,ff510a02,1026.10900,0
我老婆让我娶她,9137eefe,513.12600,0
脱单脱单～,7b1cdc21,1362.31600,0
剥板栗真的太难了,8e4d8d18,716.84100,0
绝了！,d2d8b312,1252.16900,0
桂花绝了！！！,d2d8b312,1194.08900,0
跟画一样美,d2d8b312,658.44900,0
高考顺利！！！,6597fd9f,1319.03000,0
高考顺利！！,6597fd9f,997.23800,0
高考顺利！！,6597fd9f,658.98400,0
像极了我玩星露谷的时候,cab9388,332.57400,0
那啥，鱼肉也是肉呀,3efcb23a,1284.72000,0
居然有马赛克，有马赛克,caef93ed,920.56000,0
身体健康,3efcb23a,1001.96000,0
童年噩梦+1,3efcb23a,417.88000,0
超辛苦的,3efcb23a,337.80000,0
这种质量的视频都可以上电视美食纪录片了,5628a666,631.41500,0
看得我都想回老家种地去了。,5628a666,185.23800,0
女侠爱了爱了,e379d44d,1323.58500,0
花生以前用煤油泡了再播种,e379d44d,82.85900,0
我也就只能看看了 ，要自己做我就不行,aa571079,330.12400,0
祈愿真烦,f8e8a41b,1012.38400,0
80,185a717a,873.52200,0
教资必过,dd96c5cb,1332.45700,0
教资必过,dd96c5cb,1319.11700,0
教资一把过,dd96c5cb,998.56500,0
选调成功上岸,53f8577a,1010.95000,0
平平无奇？,d5404aae,1263.80300,0
花毛？不是花生毛豆？,d5404aae,1185.62300,0
小心头,9625de52,524.66900,0
我没了,d5404aae,1039.12800,0
鱼这么脆？,d5404aae,952.47800,0
欢迎李子六,d5404aae,905.47200,0
完了，挡不住的诱惑,d5404aae,866.71700,0
我也是面包烤箱来的,d5404aae,804.69800,0
万能烤箱他来了,d5404aae,770.12200,0
半风干的板栗好吃,d5404aae,635.74800,0
像我们那边的感觉，应该是祖国中部地区,d5404aae,580.09100,0
外面是刺，全是刺,d5404aae,550.85000,0
你把那一袋谷子扛起来，再说话,d5404aae,489.39500,0
一筐沉死了,d5404aae,361.30400,0
我都搬不动,d5404aae,353.70000,0
花生米来了,d5404aae,239.99100,0
就那个瓢洒水够你练几天的,d5404aae,182.06800,0
羡慕狗子，我也要抱抱,d5404aae,47.86100,0
好漂亮,16242290,1241.48200,0
总许愿你们脑子没问题吧,16242290,663.52200,0
你看着好实际很累的,16242290,591.50200,0
2020三基顺利免考,f2ab5040,1007.27300,0
2020找到男朋友,f2ab5040,1002.40900,0
希望这次体格检查拿高分,f2ab5040,689.40600,0
这么熟练你以为不是一直坚持下来的结果吗,283a41e6,388.43800,0
万事如意，心想事成,c0ddad46,701.43700,0
碾米,bf5991f6,466.95400,0
筛谷,bf5991f6,443.49400,0
呜呜呜我家囤着的南瓜有个里面长蛆了打开吓死了,bf5991f6,351.21600,0
我们也是花生叫番豆，南瓜叫蒡蒲,bf5991f6,314.55600,0
我弄过，一身谷毛痒死了,bf5991f6,290.30300,0
陶渊明：戴老师告诉你的？,25678803,209.59900,0
暴富,2e6b2a98,1327.73800,0
幸福,2e6b2a98,1322.53400,0
暴富,2e6b2a98,1003.17400,0
看到酿甜酒，想起自己的奶奶。,78146bc4,662.59100,0
选拔顺利 考试顺利！,31d5531f,661.82300,0
万事顺利,5c73925f,1332.18000,0
许愿的你有看视频这功夫看题不行吗？,dd8221f3,648.23300,0
许愿的你有看视频这功夫看题不行吗？,dd8221f3,648.23300,0
许愿的你有看视频这功夫看题不行吗？,dd8221f3,648.23300,0
真的佩服,624f9e43,1226.13200,0
全蒸宴,624f9e43,858.77200,0
粮仓……,624f9e43,458.30300,0
吃不完可以网上卖呀,624f9e43,366.65500,0
南瓜派对,624f9e43,349.16100,0
看着美好，只是你是体验，别人是生活,624f9e43,217.83300,0
找到人生目标,4a94fbcf,699.13200,0
找到人生目标,4a94fbcf,692.53200,0
找到人生目标,4a94fbcf,692.53200,0
难受啊，年年都经历一次,4a94fbcf,407.09200,0
说向往的应该是没在农村待过吧，不知道背后的辛劳？,d13ce79,792.93400,0
苦瓜熟透了是红色的,d13ce79,358.70100,0
这手是真干活的，我老家就山里农村的,d13ce79,229.53100,0
我会和王司睿在一起的吧,87bd893a,1319.48600,0
家人身体健康,87bd893a,998.15300,0
我爱王司睿,87bd893a,998.15300,0
万事顺意,87bd893a,665.44900,0
上岸,a8b0af23,661.96200,0
‘-’,9d5289d3,532.06000,0
这个地方太好了，什么都有,5645e469,987.95700,0
这个地方,5645e469,972.98100,0
专升本成功，到一个陌生的城市重新开始！！,306e20d5,1318.69500,0
笑口常开好彩自然来！,306e20d5,1297.17000,0
教资考过,1e1f46ed,659.17200,0
变瘦变瘦变瘦，专升本成功！,306e20d5,1230.37500,0
去一个自己喜欢的城市重新开始！,306e20d5,1063.27100,0
专升本成功，快乐顺利，自由独立！！,306e20d5,998.24700,0
。。,df478fe0,1001.38800,0
专升本成功，快乐顺利，自由独立！,306e20d5,659.81500,0
上岸,9bb241ab,1338.93400,0
丁静雅我爱你,65f3b71b,731.53000,0
童年噩梦哈哈哈,d839178a,420.60000,0
拔花生好累的,d839178a,382.80000,0
(๑˙❥˙๑)宝贝英语六级必过,318394a7,694.94000,0
过年了过年了,b40c338e,1243.52500,0
考试顺利,a920f754,1000.22500,0
考试顺利,a920f754,1000.22500,0
姐姐真的啥都会我的天,b40c338e,882.89600,0
八月炸,743b09d2,555.09800,0
华农附体,743b09d2,531.07800,0
彼岸花好美丫,743b09d2,514.53300,0
6666,743b09d2,505.74500,0
紫米,743b09d2,472.72500,0
官方鬼畜,743b09d2,397.27500,0
爆鱼,2647757,1053.56500,0
长见识了，南瓜有这么多品种,743b09d2,357.72200,0
南瓜粥,743b09d2,326.81300,0
可以,743b09d2,300.88200,0
这个很辛苦，小时候干过,743b09d2,213.96700,0
挖掘柒上线,743b09d2,149.32300,0
相当小狗狗,743b09d2,23.84800,0
你们现在吃的花生才是新品种,2ba746d8,77.21700,0
生板栗超好吃啊,203aab31,617.96500,0
来还愿啦！,da39fd3,1326.31400,0
事事顺利心想事成，万事如意,b55141b8,1002.68000,0
成功上岸，顺心如意,b55141b8,662.14000,0
？,24df7c4d,693.22300,0
花生晒到摇铃儿最好啦 哈哈,3c030e88,428.32700,0
作为农村告诉你们假的,1eac860d,27.66400,0
假的,1eac860d,5.67700,0
四川真是天府之国，啥都有,88ea9ba6,572.48900,0
我也有几棵四季桂,e7320946,1188.80500,0
四季桂哦,e7320946,1204.17200,0
收样顺利,41e9e0a4,661.69000,0
你们为什么刷啊？,2f4f9b51,1016.81900,0
开心,26491b27,1039.11200,0
呜呜呜,224a65af,0.52000,0
太美好了,224a65af,0.52000,0
这是仙气吧,24bec865,1255.34000,0
好漂亮的颜色，再配上杯子，太绝了！！！,24bec865,1241.06800,0
我哭了,24bec865,1191.86800,0
祝我顺利毕业找到好工作！,81dff928,694.03600,0
疫情饿不死系列,7eb7a924,470.72000,0
自己去做就一点都不美好了，除非你很闲,7eb7a924,291.52000,0
紫苏叶,128019c2,1197.38600,0
紫苏叶,128019c2,1197.38600,0
秋天来了还有很多相机要收,beea32f3,176.90100,0
BGM太棒了,8a0622e8,1236.35800,0
你们俩打到好，我走咯,cd09c5f,931.55900,0
李：是哎，等你来帮哎忙,cd09c5f,922.60700,0
男：耶在打糍粑迈,cd09c5f,921.21500,0
她倒现在长胖了点，婆婆,cd09c5f,909.28400,0
吖，姐,cd09c5f,889.82600,0
婆婆你看一哈儿是不是姐他们来了撒,cd09c5f,880.00700,0
爸妈身体健康，万事如意，心想事成,7654d28f,686.36000,0
你赶快来我给你吃好吃的,cd09c5f,561.51500,0
婆婆我回来咯,cd09c5f,557.68300,0
婆婆我去打板栗回来哦,cd09c5f,499.31200,0
晴晴早日回国 爱你,bfcd4c9,1353.72900,0
这个花生颗颗还是大个，就是有点少结得,cd09c5f,405.63500,0
祝大家都能心想事成   爱你们哦,75ceb466,730.24400,0
我已经忘记她做了多少菜了,702edee3,1014.99600,0
婆婆，你等哈把门关一哈儿好，我走了,cd09c5f,64.81600,0
那我走了哈，婆婆,cd09c5f,61.75800,0
婆婆:要把薄膜拿上来吗,cd09c5f,61.56400,0
剩下的别丢了啊,cabd8028,1322.27700,0
希望找到合适的她,5ccf92be,663.38500,0
5474,cabd8028,891.27800,0
身体健康，平平安安,9bda1dca,1333.03300,0
身体健康，平平安安,9bda1dca,1003.17300,0
绿子说的对,dba6054b,1111.56100,0
好美(✪▽✪),7861761,245.30600,0
一切顺利吧,7ba8db18,1321.14400,0
一切顺利,7ba8db18,999.46400,0
难道这就是屯粮的快乐吗,ccbea9a5,466.04500,0
看着就好满足啊,ccbea9a5,348.26400,0
考试顺利,812fb962,996.41700,0
期中考试加油！！！,5a6404e0,669.18800,0
快点去见男朋友,f8a94c79,683.14000,0
英语四级必过，冲鸭,854bea4c,1356.98900,0
子柒姐姐要幸福安顺啊,854bea4c,962.58500,0
天长地久,9d58787d,1013.59900,0
家人安康(ღ˘⌣˘ღ),854bea4c,735.59500,0
过四级,854bea4c,684.26000,0
黑米➕白糖➕油条真是绝哦,f331052a,625.00600,0
我要开启0.5倍速,f24cd551,334.88000,0
高级农家乐,e952f485,1260.62800,0
平平无奇,87548756,1261.26600,0
像过年一样,87548756,1226.36700,0
要不能说是亿元农妇,134511a5,487.91200,0
亿万农妇,134511a5,161.41700,0
女朋友妈妈身体健康,410ebc9c,1035.50200,0
求BGM！,8b8fdfba,1208.84100,0
真美,77d85ed8,940.55300,0
希望考上好的高中,fe177d5c,657.01200,0
这是魔法吗,684eac1e,1255.74300,0
开饭啦开饭啦,1c9daf18,1232.89200,0
哇,1c9daf18,1119.57000,0
生板栗好吃就是难剥,1c9daf18,572.43100,0
这个小时候也玩过,1c9daf18,449.33100,0
童年噩梦加一,1c9daf18,411.12300,0
拖孩好评,4211cff8,877.64000,0
正脸也挺好看的,24c93faf,543.45400,0
我没了  好想吃,79cdc56,1118.52300,0
超级爱吃生板栗！！！,f54aa820,591.92000,0
考研成功上岸,386dc76,689.23300,0
种地收入预期是负值，谁会种？最多种点自己吃。国家基本往大机械农场模式发展,3249e976,397.00900,0
花生长这样？,3249e976,65.47500,0
九齿钉耙：正是在下！,48efd845,283.83800,0
广西这边经常有瓜苗吃,ae14dbc6,1178.59500,0
我觉着要养只猫了,ae14dbc6,468.29800,0
瓜子,b96e65de,752.06500,0
华子,b96e65de,744.32600,0
天呐，你们不吃生板栗的嘛,b96e65de,598.70000,0
我们之前都是用手的,b96e65de,423.46200,0
我,1b4a84e8,713.20000,0
是蒸米糕吗？,ea48ed7e,838.42500,0
“ 普普通通 ”的一顿饭,1d3c3079,1284.25500,0
满汉全席,b7d16418,1216.54000,0
好想住在这样的环境里啊,34c2e78f,103.17100,0
想起小时候,3e5f86e9,135.11900,0
南瓜藤巨好吃,c1286371,1115.79600,0
没吃过这个,cef1908,582.56900,0
我估计她会的东西比很多家长多多了,cef1908,411.13500,0
谁活着不辛苦？非得杠,cef1908,322.98500,0
这个许愿是真的烦啊,8e67ee55,1010.18000,0
过四级,8ecfb708,1341.23800,0
摘花生手疼,4f2b4722,384.26000,0
上岸,a265d19b,1321.30000,0
逢考必过,bf649a97,1331.59700,0
绝了,bf649a97,1267.30400,0
绝了,bf649a97,1247.56700,0
科二稳过,bf649a97,1008.23100,0
紫色绝了,bf649a97,844.40700,0
板栗！,bf649a97,527.25900,0
好好看,bf649a97,37.85900,0
剥花生太累了，想起了当初那段被迫干活的时光,5f6a9874,384.31900,0
和xh在一起,1da894ff,1000.40500,0
银行入职成功！全家幸福美满！,88230b68,995.83900,0
花毛一体,89f4d8cc,987.32600,0
这手套也太白了。。。,a4e3182c,39.69200,0
希望今天就能收到消息！,e7d07aae,1086.41200,0
农村现在谁还种地？？？可以租啊,f4236a25,284.38000,0
米酒不下饭哈哈哈哈,c996360f,655.22600,0
这一背篓，得多少斤啊,52418e46,380.22000,0
仙女不可嫁凡人,9db6bf0f,765.65100,0
不可以娶！,9db6bf0f,770.82800,0
考试合格。一切顺利,d3a13558,998.51800,0
2020瘦10斤,6b932159,1334.13900,0
这个南瓜超级重！！！姐姐好厉害！！！,76f33a6a,363.26000,0
？？？？？在每个视频里面许愿是有什么毛病,22bc2f01,695.16200,0
这刀万能,a4bee0d3,771.83900,0
教资通过,5968cae5,1002.30000,0
被风车夹了手还在吗,ab945250,472.82900,0
找到理想伴侣,ff15cc01,998.39800,0
这个虽然肉少但是好吃！,40c54bfe,545.35300,0
弹幕都是城里人吗！,dfd07501,375.75800,0
好怀念呀，看到这个叶子想起小时候家里种南瓜,92076360,176.94300,0
这些瓜要怎么吃,7cbe92e3,374.27100,0
我有紫米充电器,b2cab8ec,481.73300,0
做早糕？,ee66f8ed,830.38000,0
那样放谷子会不会回湿,ee66f8ed,468.36000,0
？？？？？,199fe9a6,935.91000,0
华农直呼内行,199fe9a6,552.80600,0
彼岸花,199fe9a6,499.39000,0
这tm才是童年噩梦,f1589f28,517.18200,0
袅袅兮秋风，洞庭波兮木叶下。,199fe9a6,238.76100,0
陶渊明不会种地,199fe9a6,191.48600,0
统考班级前15,4e4abb9e,995.59300,0
祝我自己好好活着,84e00744,732.55500,0
山河无恙，家人安康,84e00744,697.19800,0
成功上岸,8ffc95c3,1323.02100,0
华农：好像要这么一个兄弟,b593a22b,345.72100,0
科三一次过,ecb4037,691.66600,0
考试高分~,9a27df02,1031.82000,0
收到理想offer!,5833d099,997.71600,0
盐是不是少了点,5723cb62,1207.10300,0
shangan !,fe9f3cb2,1325.27300,0
期末过!!!!,fe9f3cb2,1006.76800,0
国考上岸,eb05dbf8,1005.49300,0
上岸,fe9f3cb2,670.39900,0
上岸！,fe9f3cb2,661.16900,0
国考顺利,eb05dbf8,672.09000,0
我爱的人身体健康!我越来越好看!,5e6f30ba,995.87800,0
上岸,3e51bdc1,1320.03800,0
高数考试顺利,ef9d7ba4,1008.43900,0
一时间竟然不知道该羡慕谁,ea64d108,27.81400,0
明年顺利上岸考到心仪的学校,3e51bdc1,996.80700,0
怎么就一定要嫁嫁嫁的？独自美丽不行？,5e6f30ba,141.02800,0
今年顺利上岸,3e51bdc1,653.72800,0
好累啊,3e51bdc1,348.86000,0
摘花生又烦又累,dba09426,401.89000,0
看着真累,8883da62,401.06500,0
测量学数据再也不出问题,ea6d0822,1031.01700,0
稳过四级,ea6d0822,1018.11100,0
八月瓜,e8234200,559.66000,0
摘花生超级累,e8234200,393.99300,0
6人的餐具,a0b2c220,1242.11800,0
手起刀落，麻利！,a0b2c220,933.93400,0
一夜暴富,6f4470e,707.14800,0
傻瓜,6f4470e,380.63200,0
幸福快乐,2be1549a,1013.67300,0
太治愈了,563af854,1365.00000,0
学习顺利！跟屁酱好好的！,d213c28a,1035.74300,0
弄这个很累的，一个人的话，一上午都不一定弄完,40d1585b,125.52000,0
这一大男人 整一天也累的慌。。,985bbf00,142.36800,0
鱼:怎么我就突然没了呢,1069ef49,946.80500,0
这谷子是什么品种的,7fa90065,447.00000,0
回应那些说团队干农活的,7fa90065,91.72000,0
强大的女人,5e8907ee,889.06400,0
牛,f3246c3b,1202.72800,0
踩点了哈哈哈哈哈哈哈这段,26ed50bf,144.45100,0
别打啦~你们别打啦！~,a69dea56,203.22500,0
湖大考研上岸,239ce3f9,998.09400,0
桌上的盒饭瞬间不香了 放下了筷子,241e9cf2,1137.93700,0
二战上岸,239ce3f9,998.09400,0
真不错，住在山里真不错,9cc29857,616.39800,0
饭堂阿姨打饭时候的手法,8a1abf36,143.91500,0
开幕暴击,8a1abf36,2.43400,0
哇哇哇哇好看,96d8941e,167.51900,0
很辛苦的,96d8941e,94.51900,0
教资过，找好工作,a5f24700,1323.43000,0
还愿，谢谢,981be208,897.77000,0
眼泪不争气的从嘴角流下来,419f9301,1335.38200,0
刀刀到肉,a9faf9a8,945.08500,0
很多人不知道板栗在树上？,5ee3bc4a,538.54800,0
心想事成，万事如意！,a9ccad8d,998.35000,0
边角料可以给我吗,d15145de,1200.71400,0
找到工作，一步一步的成为网红努力赚钱,a9ccad8d,687.75000,0
努力成为优秀的人 拼命赚钱减肥成功！！！,a9ccad8d,660.13000,0
好工作！国企！！！拜托了！,df5be75b,996.96900,0
考研成功,3168f2cd,655.60000,0
家人健康,1d047cd5,1323.20000,0
发书成神,1d047cd5,1029.14000,0
彼岸花！许愿！,df5be75b,513.29900,0
感动 看子柒视频治愈 都会越来越好的,df5be75b,367.50800,0
我就不该半夜看姐姐视频,c702df6f,1216.89300,0
绝云椒椒的哈哈哈哈哈哈,c702df6f,958.42600,0
大,a04cec82,549.99300,0
得到offer,af1581b8,1347.69300,0
啊啊啊啊啊啊啊啊啊啊啊,af1581b8,1253.74800,0
我饿了,af1581b8,1160.40100,0
妈呀,af1581b8,1019.76300,0
真的好喜欢这种氛围,80bb2464,1345.45900,0
太绝了也,af1581b8,857.63000,0
孙诗梦减肥成功,5caa940e,1326.88900,0
顺利找到工作,af1581b8,670.71900,0
钢琴练好,b311fba1,705.81000,0
板栗,af1581b8,524.43700,0
这个超辛苦,af1581b8,396.84800,0
童年的噩梦晒稻谷和收稻谷,4f087bfc,460.65600,0
游鑫，你到底喜不喜欢我,aaa5f6e7,364.32300,0
花毛一体,a3d1784,1180.76600,0
我老家以前也好好玩，但现在都用来修路了,ac4812d3,687.02700,0
没看到这里突然好喜欢春天！,ac4812d3,39.51700,0
事业单位上岸！,5c510cc,996.73100,0
不再孤独地漂泊了,3f204ef5,1021.35100,0
脱单脱单,e814b02e,1328.39800,0
找个女朋友,e814b02e,1319.11800,0
脱单成功  加油  找个好工作,e814b02e,1319.11800,0
饿了饿了,a706cce,646.66000,0
求明年事业单位上岸,9755ffe0,684.97000,0
花生难洗，呜呜,a706cce,434.18000,0
花生在起舞,a706cce,193.61900,0
许愿cma上岸,890f3e92,794.16800,0
小助理出现了,e6b8aae5,1273.94200,0
脱单,3754a475,1325.39400,0
好希望是这只狗,bcee355d,22.42800,0
小马身体健康,d6ae5ea8,666.82000,0
脱单,3754a475,1005.82100,0
大丰收，恭喜仙女姐姐,e6b8aae5,485.58500,0
没吃过,cc0b335c,569.76000,0
身体健康跟对的人结婚顺利的生健康的宝宝找到好的稳定的工作房子搞好今年四级一定要过,29a6362,667.86800,0
真棒,1e81b693,143.81600,0
完了元神玩疯了好多人,40d01cea,980.73900,0
法考顺利通过,ddf4acfb,1325.32000,0
考试顺利,ddf4acfb,1004.70000,0
;l/,1f2ca2b9,1364.46500,0
和外婆一起摘过花生,ddf4acfb,408.20000,0
红字不要代表四川,58faae3c,889.44600,0
古天乐版平平无奇,49772c9a,1267.58200,0
水晶杯,49772c9a,1247.31600,0
马卡龙吗,49772c9a,1191.88800,0
看子柒做饭简直就是在欣赏一件艺术的诞生,49772c9a,1154.72900,0
灭霸卷饼,eabcdddc,1093.91400,0
花毛一体,a71dbb09,1178.34000,0
花毛一体,a71dbb09,1174.90000,0
大人时代变了,a537119d,255.34700,0
今年不用手割了,49772c9a,262.25700,0
手很真实,49772c9a,207.65200,0
这种花生没见过,49772c9a,60.68900,0
红烧狮子头,49772c9a,36.23100,0
嘛~~~,49772c9a,12.12400,0
纪念屈原的那个。,52025515,640.69300,0
黑米饭,52025515,631.38900,0
好好吃的感党呀！，,d3d68966,825.86200,0
祝我抑郁症早日康复！我要嫁给他啊！,c69202eb,684.45300,0
我要吃,fede9b0f,881.47900,0
边角料给我,3f97b5fe,1190.79300,0
绝云椒椒,19744a2c,1005.88400,0
工作顺顺利利挣大钱,2c0df482,995.84000,0
杀猪的那个你要笑死我吗,5fe949c8,730.14000,0
摘花生真的，手gq,cae99e3f,384.82100,0
这个非常痒,cae99e3f,273.98100,0
求职顺利、,eca530b3,1342.09500,0
华农来了绝对先饿两顿,46427806,597.77300,0
求职顺利,eca530b3,1041.30500,0
华农来怕是不够吃,46427806,373.80100,0
已经多少年没看见过这样的星空了！怀念,a2f98cca,660.44800,0
尝一尝,81a87b19,1191.91100,0
家人健康，一起考研上岸,9d9d40b4,996.91400,0
看完华农兄弟我又来看这个,46427806,25.84000,0
竟然有不知道板栗长树上的，认真的吗,e939b966,591.42600,0
印度人:我们为什么连糊糊都做的和粑粑一样,81a87b19,883.94300,0
这种境界，如今又有多少人能达到。,81a87b19,664.03800,0
哇塞好幸福,1cd963f9,345.72600,0
明天科二顺利通过,981be208,673.42000,0
shigandao好刀,2c62bf26,936.90600,0
你管他什么队不爱看滚,81a87b19,159.54400,0
越二,e0a9d541,926.34200,0
米酒啊,72459f4d,678.03000,0
从这个烤炉开始关注的,14f8b04b,760.97300,0
党小pa2020年考研一定成功。欧耶,ac170180,1323.64200,0
南方花生产量低很正常,2c62bf26,421.95800,0
子柒一举一动都好娇媚,fa953e89,1032.46900,0
期中考试冲前五,758e0f2e,707.19800,0
明天考试一切顺利,758e0f2e,697.04000,0
八月炸,72459f4d,547.40600,0
种花生比较辛苦,72459f4d,420.03900,0
这点稻谷不够吃啊,72459f4d,305.06200,0
还有这种花生,72459f4d,67.72700,0
我觉得，花生纳闷（怎么）都好吃,b3f03fe8,1293.46200,0
那是必须的撒,b3f03fe8,1285.98200,0
来来来，哎，坐到坐到，各家屋头（自家人）,b3f03fe8,1260.68900,0
说演的是说英雄联盟的小花生吧,809ff54b,219.28500,0
暖暖草果哈哈哈哈哈哈哈老塞尔达了,dbc1634c,977.70800,0
先赞后看 我的礼义,63d1fb30,56.96100,0
女侠,69189c31,1340.39300,0
同一辈的堂姐？都是奶奶的孙女？,799c73fb,957.34000,0
期中考出好成绩啊！,eec061a2,667.70800,0
我要回家！糟心的大一赶紧过去吧！,a9d2a667,997.19400,0
让我想到了黑芝麻糊的粉哈哈哈,a9d2a667,808.31100,0
我想回家！快点毕业吧！,a9d2a667,662.91200,0
国考上岸,f50a5500,1327.01600,0
考上本科，考上华南师范大学，通过考试,ee472526,998.86400,0
顺利毕业,4449028c,1002.47300,0
马卡龙,1355023a,1195.13600,0
找到帅t,f165ef7b,1002.81100,0
安逸？？？？怎么可能安逸,1a75534d,328.82000,0
卡内基梅隆大学,6eaf247f,1123.04200,0
收花生，我的噩梦！,4250674d,396.07000,0
瓜都长得好好呀,8cc5e3c6,350.76400,0
在石：很忙 勿cue,40a5d561,302.12800,0
四级通过,1b546d37,1001.10400,0
这就应该是谷盛杂草稀了都。,5ab757ae,211.15800,0
盛明兰？,412c8092,1348.89600,0
鱼肉新鲜,412c8092,950.29100,0
不用机器就是太累了,67913fdd,310.24900,0
哈哈，稻谷在爆炸,6327adac,299.05500,0
太累了,412c8092,101.89700,0
这次考试进入年级前四十,2a9cc42b,667.81200,0
身体健康快乐！,4eef98a0,1325.39400,0
《平平无奇》,33e8a8db,1255.09100,0
谢谢,5b5edad8,716.30900,0
入职华为，按时毕业,5b5edad8,704.13400,0
工作顺利，毕业顺利,5b5edad8,659.31400,0
真诚心许愿找个庙宇认真的许愿成吗,7072bdb,1049.94100,0
好美,3a230fd8,632.04000,0
今年考研上岸！,70ffac3a,1318.04600,0
花毛hhhhg,a88c71a4,1192.39100,0
上岸,8932957a,1012.14400,0
工具人,575dcc64,929.59000,0
工具人来了,575dcc64,908.54300,0
剥花生好磨手指的,44f48f8e,51.60800,0
什么叫就为这一顿啊，原本就是个美食up，剩的食材还可以吃好久的,ab54dc07,996.05900,0
好饿5555555,fd606b2f,1322.20600,0
华农的拿藤果,76c0e5eb,551.58800,0
脱单！！！！！！！,fd606b2f,660.86700,0
我爱吃鱼,62b044f,1038.94300,0
哇这个颜色的瓜好漂亮,bc0604,335.60000,0
仰望星空。,ea6d820a,1066.16100,0
炒南瓜藤之前应该要把南瓜藤先用水煮开，不然上面的那个毛毛好扎口,b3ba4722,1144.26900,0
监工,bc0604,250.72000,0
这是啥,bc0604,155.68000,0
超级辛苦的,bc0604,109.56000,0
祝家人幸福安康，万事如意。身体健健康康,a3be95f0,1320.51100,0
串能追上东,63826117,1002.01200,0
护资过,e41d137,708.79800,0
法考必过！,854d2281,1013.52400,0
工具人,77828ed4,1071.29600,0
愿父母安康，愿世人顺遂,5ce2c1a4,1326.46000,0
封建迷信要不得,3d0d7ee6,1014.98200,0
土拔八月瓜啊,77828ed4,545.97600,0
热爱生活的人啊,bb241f05,1274.41700,0
来了,77828ed4,12.27700,0
哇我的妈妈呀 好想吃这个 甜酒也想喝,e5640674,640.63400,0
这不就是投壶么…,84adf969,1356.69800,0
人人羡慕的田园牧歌,f261c069,61.50300,0
奶奶身体健康。,396926e6,676.52300,0
怎么什么视频都有祈愿党，好烦啊。自己去努力加油，不好过求人吗？,bcca29ee,736.78000,0
姐姐好幸苦,948f1e78,115.40000,0
狗狗好可爱,a2a3ca44,25.65900,0
这肯定超级好吃,e6aa1aff,1096.56200,0
许愿的太不尊重人了，跟没教养的熊孩子一样,e6aa1aff,1060.53000,0
浸泡！！！,74ca8d21,498.33700,0
有空在这里许愿，不如多看几本书，给家人打个电话,e6aa1aff,736.79800,0
找到男朋友,d552ce4f,697.49200,0
省赛拿奖，期中必过，期末高分,401132d,1324.10500,0
贴耙子y,51de75fa,442.00400,0
哈哈哈哈哈,4a799bcd,92.82000,0
为了招待姐姐，含泪揪光了最后一颗辣椒，呜呜呜,89229ed6,950.42000,0
省赛得奖，期中必过，期末高分,401132d,997.36000,0
比赛得奖，省赛好名次！,401132d,991.97900,0
瓠子吗？,59971190,566.09300,0
彼岸花开开彼岸，忘川河畔亦忘川,39e7fe73,514.48600,0
彼岸花，红瓣石蒜,39e7fe73,503.45700,0
我和兔兔要结婚,a42029af,1013.28600,0
教资过,ddea7be0,673.10700,0
期中考试进步,6b3e0233,679.67500,0
蚊子不咬你？,89229ed6,152.98000,0
等了一个星期,43b5973f,14.65400,0
曼珠沙华～,c321c8a1,507.55600,0
皮肤变好！,a2f1ef5d,1319.67600,0
？,31a16f4f,673.01500,0
河南这还有黑花生,e6b6009f,88.94800,0
这姿势比我还熟练,9db369de,84.17900,0
我喜欢五香豆(*≧▽≦)ﾉｼ)),35485d6e,994.43000,0
漂亮,742ede96,197.19500,0
QAQ画质感人,742ede96,181.79700,0
哇这也太棒了！流口水,35485d6e,759.03000,0
我感觉没有男人配得上她，真女神,5b06beb9,50.46200,0
人间仙境,b61a9bb,531.02000,0
我也是这样收板栗的,4cee8d9a,592.91200,0
摄影师加鸡腿。技术跟新了，更棒了,ec1802c3,222.09900,0
南瓜苗好吃,4cee8d9a,234.83100,0
黑子真的无聊,5aa80a85,394.60300,0
希望能在见到ldj呀 不能的话就要好好活着,1015db43,997.69400,0
时长,710e85f6,1125.29700,0
上岸,fb50cfe7,1320.12000,0
过教资！,aa530a3,688.84200,0
考研顺利,fb50cfe7,1003.02000,0
清华大学 等我！,8f40f9f2,1135.60200,0
有诚意就去寺庙，看美食视频到处刷屏真有意思,9779a89,1314.60800,0
希望能考上清华大学,8f40f9f2,1126.46800,0
莫名其妙的许愿尼吗呢，许愿的全部反弹,9779a89,1004.15800,0
许愿的全部反弹,9779a89,717.84100,0
羡慕发量,d18ec049,826.58000,0
脱单脱单,c0b3e663,693.79700,0
这花生结的有点少,ea3af13c,377.01400,0
力气真大,ea3af13c,367.79700,0
用手直接栽南瓜很疼的,ea3af13c,327.37500,0
offer马上来,3cf54d82,1056.08400,0
希望我爱情美满,ca222376,999.76600,0
美,cc4584e9,244.34000,0
这算农场了，肯定要出售，自己咋吃的了,d60f56b5,344.98100,0
嘿嘿，家里老太太想拥有一把子柒姐姐万能的菜刀～,347a7086,788.42000,0
人工收割比机器收割贵多了,d60f56b5,268.43300,0
许愿所有在这个视频许愿的人 愿望都是反向的 包括我自己,68ce0691,1083.23700,0
板栗晒一晒更甜,6cad5b97,604.68800,0
孜然？,6cad5b97,168.55700,0
南瓜叶超好吃,114640c6,1125.18400,0
小时候看爷爷奶奶两个人干都忙死了,114640c6,503.44400,0
我的天一个人干这么多,114640c6,404.62800,0
卧槽，我以为是氢弹炸了，,3d67f6e6,999.72100,0
发现我喜欢上四川的姑娘了,88fc52e9,740.42000,0
奶奶崇拜的小眼神哈哈哈哈哈,4679b707,1332.79800,0
走出低谷,4679b707,685.96900,0
真的看着想哭,4679b707,571.07000,0
法考主观题必过,675df287,994.80800,0
我爱这个,56a87a21,1115.17600,0
没有一样我没干过的，回忆起来可乐又可怕,5a145854,382.90900,0
插秧，小时候插怕了,5a145854,232.10400,0
希望妈妈可以好起来！希望可以赚钱！,66c0e2fd,675.32700,0
希望妈妈可以好起来！希望可以赚钱！,66c0e2fd,664.91600,0
开启防杠精加速,aeb38d8e,328.59600,0
防杠精加速,aeb38d8e,89.15100,0
找到男朋友！,c321a15a,993.77800,0
哈哈哈哈到广西啥菜都能吃,ef0fdef7,1140.26000,0
许什么愿呢，你们指望谁保佑你们啊,ef0fdef7,1018.04000,0
为什么感觉有点忧伤,d63acbe5,540.36300,0
好飒啊姐姐,bb5d772e,1339.43400,0
阿漆，辛苦了,9f032f0,1171.69000,0
不知道为啥 看着好想哭,19265011,565.26600,0
身体健康顺顺利利,99a553aa,681.63800,0
这集没有摄影师,42fde8ee,1316.54000,0
开心顺利,3a6ce8a3,1023.48400,0
英语四级过,19198699,1345.80000,0
好羡慕啊~~~~好想去,ac294c70,905.75700,0
太辛苦了吧姐姐,f35067f2,1150.03600,0
婆婆身体健康，长命百岁！,7c13ddcf,1292.32200,0
一家人平平安安，健健康康,c18099c6,995.74300,0
xh，我后悔了，我们在一起吧,1da894ff,1322.68200,0
收花生是真的累,19198699,438.93000,0
许愿顺利找到实习！,50a928a0,993.97500,0
法考必过,76f4f829,676.66500,0
我后悔了，我们还是在一起吧xh,1da894ff,677.18000,0
我也是面包窑认识的,e70f98bf,792.65000,0
和她在一起,346cf541,660.48300,0
万事顺遂！,3663810c,1361.39000,0
未来可期,3663810c,1317.21000,0
许愿顺利拿到实习！,50a928a0,652.76100,0
学习成功,67dc4ef2,997.35000,0
银牌 保研,1728180b,999.54500,0
期中期末顺顺利利，万事顺遂,3663810c,994.86500,0
心里某个地方在默默感动流泪,3deddc2a,359.20700,0
菜籽油,e5a3a063,1050.33300,0
过法考,7eb7fea5,996.72700,0
哇，竟然玩投过壶,c58735ab,1322.58800,0
真是屠龙宝刀,e5a3a063,964.13000,0
期中期末顺利，万事顺遂！,3663810c,657.66100,0
落花生,a52bccf,383.38000,0
那个要考苏州大学的朋友，学姐在这里欢迎你,5fd2df00,1112.72400,0
哇，这个南瓜好像童话世界啊,a52bccf,315.19900,0
awsl,c58735ab,1239.54000,0
进度条哭了,c58735ab,1190.29700,0
贤惠哭了,6a7a284e,995.93500,0
梨花太好看了！,bed226e6,45.54400,0
我也是第一次知道,c58735ab,1133.26800,0
第一次见长在树上的板栗,e5a3a063,538.04100,0
彼岸花,55ecdd10,509.25000,0
这种地种花生没有沙地种好,e5a3a063,406.90700,0
果然是酿酒,6a7a284e,633.38100,0
突然想看小森林了,6a7a284e,577.29500,0
好好活着,c1abab6,753.68300,0
我最喜欢南瓜头！！！,aeb697bb,1087.42200,0
我觉得发和视频无关的弹幕 是对up以及打架最大的不尊重,6697c2a8,1056.50000,0
成功上岸,bd938064,693.19000,0
这几期有点景物画面太多，没有人出现的时间有点太长了,c58735ab,486.16400,0
丝瓜搓澡劲还是太小了,f97f44ff,989.56300,0
g,d7768e4e,694.87500,0
SCI发表，顺利副高！,8bca03a7,1321.11400,0
父母健康长寿，全家平安健康,8bca03a7,1317.97700,0
她家锅都不闲着,4d8b1942,871.86000,0
这么多怎么吃呀,c58735ab,358.51000,0
八月柞,ce40f4f0,569.93700,0
八月柞,ce40f4f0,563.40900,0
考研广外上岸！家人身体健康！和zsc久久！,7d550a4d,997.73700,0
花生，我的噩梦,f97f44ff,377.67800,0
普通话一次过,28f69e1,685.64900,0
草木灰,a5a91234,802.17700,0
zhe装饰,d09d3253,1264.10500,0
我认为你是个厨师,d09d3253,1228.57400,0
本视频有许多许愿，若影响观感，可关闭弹幕食用,4708f2a0,1.14900,0
观前提示，请大家不要发许愿之类的弹幕,4708f2a0,1.12900,0
撒尿牛丸,a5a91234,31.70600,0
有病啊怎么又开始了。。。。,e7feab11,997.09800,0
看着都腰疼,f97f44ff,107.22400,0
看着都腰疼,f97f44ff,107.22400,0
我已经感觉我的腰要断了,f97f44ff,94.44100,0
突然许愿有毛病？,e7feab11,674.28500,0
每期视频都有同时期，所以看到狗子依然小,223b71ee,53.28000,0
身体健康,e8bc5f52,1004.81900,0
太治愈了,1e7347ca,499.20800,0
哇！紫米酒糟还是第一次见哎！爱了爱了,6f8d4a5c,646.14000,0
身体健康,e8bc5f52,663.78000,0
会有女人看嘛,4fbc9ded,982.42500,0
暂时被治愈了，来你的视频的躲一躲俗世的烦恼,74768541,219.16200,0
我弯一会腰就断了,18cce211,424.20400,0
大无语事件 你是想娶老婆吗？你是想找个免费保姆吧..,f96e057e,1268.11600,0
省考上岸！,33a8d3e5,687.29500,0
脱单,3a746062,698.27500,0
这些家常小菜往往是最好吃的,6a6df959,1293.76400,0
希望你早日找到能帮你分担一生的人,cde82437,462.88900,0
卧槽，这手法，厉害,bef34b95,160.97400,0
小时候的回忆…，种田种地真的为了吃口饭，男人出去打工赚钱，女人在家种地顾全家… ,e8092e43,453.74000,0
这杯子感觉像自己做的。。。,9c54f482,1250.28600,0
卤花生啦,6a6df959,988.92400,0
拿到建行offer,503293f1,674.49400,0
我为啥要在夜里看这个啊啊啊啊啊,bbb6997b,1255.74100,0
鸡冠花,dd712cf7,460.21800,0
祝万事顺意,91b21b57,996.90800,0
这顿饭是天上的吧,920252be,1290.72300,0
多肉~,c8763107,460.45000,0
真的好厉害,2390e99f,105.86300,0
我们这收稻谷还是100一亩啊，前面的怎么150了？,b0074199,288.49800,0
和小森林一样。,6fc8c6b3,515.06900,0
小森林即视感，这点一样。,6fc8c6b3,549.70600,0
累死累活才两袋..辛苦,d5d66ff5,455.23300,0
进度条感人,9c54f482,663.43600,0
嗯嗯,89c47c47,696.47400,0
你们考研的，没考完就不要玩手机刷视频,89c47c47,689.27100,0
好家伙 平平无奇,3d5b98dc,1257.26200,0
找到两情相悦的另一半,dd706433,1046.85800,0
南瓜苗好吃,3d5b98dc,1089.92800,0
厉害,91b21b57,401.32600,0
哇,91b21b57,349.55000,0
好刀,3d5b98dc,941.87100,0
馋哭了,a6b94253,1046.91900,0
过两天开给你看,920252be,269.21300,0
11111,91b21b57,25.09800,0
谁活着不累啊？人家累人家挣得多，你累挣个寂寞,2fba8f5f,420.02000,0
好漂亮,d63f23d6,138.71500,0
正脸好像张雪迎啊，我爱,d83d10f6,906.76400,0
花生长得不算好，结籽不多,ef14a96b,392.95700,0
教资上岸,32babda9,664.57700,0
希望心想事成,9a7343f7,995.62100,0
蚂蟥警告,275c8294,209.36800,0
希望心想事成,9a7343f7,656.91200,0
六级上岸,70099ee4,1330.20400,0
升职加薪,928ea07a,1022.05600,0
很佩服姐姐，做农活真的很累的,5ff3d08e,334.58100,0
她家怎么啥都有,412af068,551.79500,0
和宝宝在上海买房房,353bee6f,1026.51700,0
哇，太能干了吧,412af068,118.34000,0
真的好棒啊,aa5cf84a,129.93900,0
哇 ,9651112d,361.35700,0
好久没更视频了,c693a95a,28.38000,0
先赞再投,6b06a95,91.98200,0
最爱子漆，，每次心情忧郁时便来看你的视频,6b06a95,76.11500,0
看见美好的事物就希望自己也过得顺遂点,e567a651,1328.76700,0
中国政法大学！,e567a651,998.11300,0
晒谷子最恼火，生怕下雨咯,ec8bb603,293.37700,0
斗转星移,f955aca4,1327.79600,0
这个我家现在还有,23f72e2e,454.15100,0
希望快快变好✨,b3aa88f9,656.71300,0
和我奶奶家小时候一样,e7c82a4d,352.66000,0
摘板栗我的恶魔，小时候摔下去被扎了一手刺,a97e1ce5,582.02200,0
华夏文明万岁！,bd364e5,856.19300,0
成功上岸,eedda43d,997.19600,0
鱼肉不是肉？,ecd88515,1283.50000,0
李子陆？,ecd88515,900.14000,0
自制烤箱？,ecd88515,771.02000,0
甜酒,ecd88515,640.14000,0
这个超好吃,ecd88515,567.30000,0
真的有力气啊,ecd88515,521.94000,0
高考好成绩,f75993ac,671.57500,0
我最喜欢吃刚拔的花生,ecd88515,400.42000,0
我男的都不敢这样摘，都是用刀割的,ecd88515,325.10000,0
看这手都没保养,ecd88515,205.86000,0
时长感人ing,bc2c3954,22.84000,0
心疼脚脚,91e9ff90,150.20300,0
？,2f4861a3,1321.95500,0
我以为这是肉丸子,ad69fd18,10.69000,0
？,2f4861a3,1000.32600,0
猫猫！,2f4861a3,610.06500,0
没想到没有肉的生活也可以过这么好。,75c98ef3,987.82000,0
80,9afe0740,879.81100,0
薅花生好累的，一直蹲着，容易腿麻头晕,37474a93,384.05300,0
为什么不吃点化肥或者农家肥也行啊？这样能收获更多。,75c98ef3,393.42000,0
没有个30亩是不行的吧？,75c98ef3,328.94000,0
他家菜地也太大了吧。,75c98ef3,319.30000,0
希望今年上岸,275d0f57,666.43000,0
逢考必过！,4d33abe,1036.97000,0
逢考必过！！！！变美！！,4d33abe,702.12200,0
永远在一起,f8423789,1326.52800,0
老婆小心,670d3372,548.26200,0
我也喜欢烧火，主要是看到柴禾被烧了会觉得很开心,bacb7748,724.55300,0
当年我也这么晒过花生，一边晒一边剥点吃,bacb7748,431.09000,0
花生秧子晒干了是很好的燃料，烧的火特别旺,bacb7748,389.10800,0
是花生！,bacb7748,227.80200,0
哈哈哈哈,739e33da,346.77900,0
馋哭了,850809df,1274.58000,0
我死了想吃,850809df,1256.57900,0
上期同款菜？,4491baea,838.81900,0
水逆退散,59f75f70,995.42500,0
小白沙哈哈哈河南人吧,250b89a5,426.74000,0
摘花生真的累,c80dc28,387.45300,0
暴富,ee8e688f,1327.28000,0
公考上岸,94b071a,1002.39800,0
考公上岸,d391d138,1324.91900,0
华农直呼内行,d391d138,534.91100,0
专升本上岸,9dc9b7dc,998.77800,0
考研上岸,935ee460,1355.39600,0
我开了假弹幕？？？,64d2769b,215.91400,0
高考上岸！！,5be71ed3,654.57900,0
80,183ab546,884.92900,0
考试顺利！！！！,b1a9a109,996.23900,0
啊啊啊一模进年级前两百！！,6102d8c9,658.69800,0
有朋自远方来，不亦乐乎,6d9284c4,1274.02400,0
不 紫色花生河南也种哟～,8eb1cddb,81.59200,0
不 紫色花生河南也有种,8eb1cddb,81.59200,0
明年高考顺利！！,ab6f1ea5,996.26200,0
顺利回国 健康快乐 考试过过过过,c4d058a5,668.50000,0
聪明勇敢有力气，加油柒姐,e5422860,444.96000,0
挣钱挣钱，事业顺利,ef6be0ac,1009.81100,0
普通话教资六级考研全部一次上岸！！！！！！,e10f2778,1337.08700,0
六级过！！教资过！！！考研上岸！！！！,c65e8c23,997.62900,0
家人平平安安,c677429b,1071.74000,0
国庆有5天哦,97e58f43,1304.34000,0
我们政治月考也有！！,6a54acfd,41.63500,0
加油，愿,75dc6f01,1029.11200,0
fgnb,ee28ed06,934.01500,0
舌尖上的中国能不能做一季柒姐专题,5cd7d1fe,1305.54000,0
愿入党成功！！,75dc6f01,714.45400,0
咋都许上愿了？,46ef9cfe,749.11900,0
考上渤海,6607732c,685.71300,0
家人平安 考研上岸不和他在一起,26c8ea02,1325.18900,0
想吃,1323a200,1063.71300,0
力气好大呀,46ef9cfe,340.71300,0
来了来了,1323a200,0.00000,0
家人平安 考研上岸 和他在一起,26c8ea02,667.21300,0
碍眼了,2342face,1113.90000,0
家人。肾髓。,73206856,1318.43800,0
教资给爷过,c19bb4ac,710.04000,0
诶，小电视声音,ca5904b7,592.41800,0
我特别喜欢吃这个,c2f08b65,657.23700,0
喜欢,8558c87d,1207.34600,0
2021高考加油！一起加油！,47d32181,1016.81900,0
迷惑 这有啥可许愿的么,c94dabb1,1045.56200,0
挖花生会有地蚕虫,c5cf2f4,388.32600,0
冷了  说实话,7b46c886,1299.82000,0
考研成功，父母健康快乐,45403867,660.19700,0
高考600+,be991ec5,998.04000,0
你和婆婆都要健健康康的鸭！,e76a7ac,18.08000,0
你是猪么,59ffbb19,689.72000,0
花种的好好啊,2ded5bea,174.01900,0
好喜欢姐姐家的花,2ded5bea,157.73900,0
知道自己恶毒还逼逼赖赖,ad3824ff,1109.51000,0
原来真的有八月瓜,577a8969,557.44200,0
这样请机器收割会亏本的,87e83cb4,267.15600,0
考研上岸！,8e074952,1052.08100,0
厨余用来堆肥,5c2e8197,1248.13900,0
老荒瓜,577a8969,358.12000,0
吃不起系列,b450f9b9,1215.69800,0
这是魔鬼椒吗,b450f9b9,954.21500,0
催眠神器,7b84baa8,705.52100,0
想吃板栗了,b450f9b9,516.00700,0
催更,d989bfc8,224.36100,0
会考全A,1a694019,997.39100,0
摘花生才是噩梦,b450f9b9,406.46100,0
管他们说什么，自己喜欢就行，纠结那么多干嘛,b450f9b9,135.27200,0
.,a5dbcf56,296.38100,0
暴富暴瘦,7f07d9cd,1323.69000,0
天府之国最开始是指陕西关中平原，后面是指修建都江堰水利工程后的成都平原,a21aaf9c,649.89800,0
江西板栗好吃,a21aaf9c,640.28700,0
专升本成功,8bde2533,1335.13400,0
画面超级美,a21aaf9c,554.89000,0
暴富暴瘦,7f07d9cd,1000.57000,0
好想做他的弟弟啊，太爱了,256c3ac7,1238.27300,0
专升本成功,8bde2533,993.62900,0
刀芭豆,256c3ac7,919.94000,0
粑粑，不是你们想的那个粑粑，是吃的粑粑,256c3ac7,877.73900,0
身体健康,471bf,657.96800,0
南瓜苗超好吃的,e07e10a0,1137.42400,0
期中考加油！！！！留在岭南！,26ee7515,999.71400,0
八月炸,7684f831,563.62800,0
把小花生埋了，又有菜了,bdb9bba8,130.13600,0
找到帅哥并成功上岸,c55dce43,680.36700,0
继续单身,fb8c44c0,708.50000,0
健健康康，考上A本,480bdbe3,1316.32400,0
这颜色太诱人了，不争气的眼泪从嘴里流了出来。,29a117c8,1034.38000,0
揣糍粑,29a117c8,870.50000,0
平平安安，开开心心，快快乐乐,480bdbe3,1012.13200,0
期末考好，高考考特好,480bdbe3,1007.05100,0
上岸,29a117c8,695.01900,0
希望成为理想中的自己,b3edbd52,657.70400,0
心想事成~,c88e2a92,1324.77900,0
清华！,4170932c,1018.91000,0
高考600,fa9715,710.45000,0
高中全校前50,fa9715,698.65000,0
华农看了直呼兄弟,50a2ec72,381.75500,0
顺利入职*⸜( •ᴗ• )⸝*,c88e2a92,686.68100,0
子柒家这么多植物是怎么防虫的呀？虫子真的超讨厌。,327310c0,997.25200,0
南瓜籽不能多事吃9要适量,7e601a65,745.27300,0
我们北方这个是要挖土窖窖起来的,7e601a65,349.40800,0
我们方言叫葫子,7e601a65,318.17400,0
我们农村地膜放苗用短木棍做个手柄，钉一颗三寸左右的定钉子，打弯用来戳开地膜，用手指很容易创口开倒刺很疼,7e601a65,203.73500,0
考研上岸,508592e7,1325.60800,0
古代有个成语叫蜀犬吠日，阴沉的天气很少见阳光,7e601a65,183.59200,0
真可笑,56fa462,1032.43800,0
我们西北地区为了抗旱铺地膜，小时候种玉米铺地膜真的是累,7e601a65,118.23900,0
好美呜呜,909ebcb8,92.44800,0
米酒？,fe46e758,655.55000,0
图片结束就行了不要一直持续,911e5db,1013.64000,0
工作顺利,a16ea12f,998.37700,0
最喜欢看姐姐做美食了,ea6db048,496.21200,0
生花生最好吃,ea6db048,400.88100,0
看这活干的 得多累....,e47e50fe,394.80700,0
一看就知道很累 虽然我是城市的 子柒的手就是干活的手,e47e50fe,205.43500,0
真的很累,e47e50fe,109.39700,0
羡慕啊！这个女孩子,c5d8f6eb,829.17200,0
】,d6015dee,44.92900,0
家人健康 学业有成,74ff58d2,660.61500,0
不行了，口水止不住了,be9afc30,1206.75200,0
2021加油,25092f89,1364.53200,0
狗狗看到姐姐回来好开心呀~,25092f89,556.71400,0
画面都好美啊,82f49d3d,37.98200,0
喔喔喔,82f49d3d,6.54300,0
期中上岸全校前230,7908e987,681.69000,0
考研上岸！,dfc3d18c,1336.84300,0
风车的那个 站住别走,ce2dbed5,460.76800,0
考研上岸,adedf86b,1000.01300,0
考研上岸,adedf86b,983.76100,0
和我宏一起上岸，加油加油,adedf86b,704.92300,0
考研成功,adedf86b,669.83600,0
拜什么的都有，还是想要炫耀一下,a2f16dc0,730.02000,0
中考进步20名,cb041fac,1343.30900,0
我喜欢小糖,8fdc2f9d,1345.64400,0
醪糟,e89af5df,649.27800,0
身体健康 学习进步！,6d4ff074,660.36000,0
辛苦,91674e39,345.38000,0
段考600以上，期考650以上,d9fb5faa,807.82500,0
家人身体健康，今年年底前账号能顺利起来,8dbc1a30,996.05500,0
中考加油,cb041fac,666.03000,0
人间治愈李子柒,dbdd701,1014.35400,0
板栗晒晒，生吃超甜,cb041fac,629.95300,0
考试顺利,dbdd701,999.78400,0
段考600,d9fb5faa,688.18700,0
11月11日段考逢考必过，600以上,d9fb5faa,658.36600,0
不信谣不传谣,5fb24e65,1015.15100,0
壁纸壁纸,d9fb5faa,366.44100,0
bizhibizh,d9fb5faa,362.89700,0
哇～,d9fb5faa,351.71800,0
醪糟？,f979ee7a,624.09900,0
找到女朋友！,f1e40635,1329.00000,0
它怎么能动？,d1bc12d4,195.06000,0
女朋友！,f1e40635,1013.45900,0
の,2aa1e55f,1013.35000,0
酒酿真的会影响智力吗，我奶从我三岁开始就喂我了啊…,8f94e584,721.05900,0
谁说板栗当不了主食，我小时候有时候就当主食吃，就是看你自己愿不愿意而已,8f94e584,642.35900,0
板栗可以生吃，挺甜的还,8f94e584,581.17900,0
这明明是夜来香阿,764cd478,417.09100,0
小时候每年放假都被爸妈带到老家，拔花生啥的，不过我力气小所以做的少，这些真费体力，佩服,8f94e584,407.05900,0
力气是真的大，我一个南瓜都搬的气喘吁吁,8f94e584,352.43900,0
我好迷茫,13e9d48a,683.23100,0
弄这个手会很痒的,275e3cf0,441.98000,0
!,4894ea37,453.38800,0
我就是1,cf5cc8f2,1019.01600,0
彼岸花？,cf5cc8f2,560.79000,0
希望阿冬永远爱我,fa50398c,682.62000,0
月考顺利,7d2ba88,1000.63200,0
真的佩服,a1f14877,488.78700,0
来了,89c6c9b1,15.37900,0
啊！我裂开了！,34b149f7,193.46600,0
这个巨扎手,e6fc2409,531.51900,0
女侠,4e606368,1343.25000,0
教资笔试过,ae623cf6,688.54000,0
考试发挥超常,2ae7cc8b,1324.49800,0
南瓜苗巨好吃,8bfaf43d,1142.19700,0
前面聚聚留步，,663cb2f9,557.17800,0
谢谢大家对我的祝福,df7b6a9,1040.74800,0
一个人很累的,2ae7cc8b,119.69800,0
期中考好，逢考必过！！,b65721cc,657.32000,0
期中考好！！！,b65721cc,657.32000,0
插什么？【doge】,b65721cc,622.70200,0
哇,de9f4c6,478.77200,0
灭霸饼哈哈哈哈,893481b3,854.98800,0
灭霸饼的你笑死我啊哈哈哈,893481b3,849.92800,0
好诱人，我慕了qvq,a3d28c5a,646.94000,0
我们那叫北瓜,823c1d5e,317.45600,0
期中第一！,76adb5dc,711.73200,0
愿顺利,7180a298,1321.25700,0
子柒是自己剪视频的,893481b3,96.38000,0
期中考试刚刚考完李子柒,5317d555,39.24800,0
生活顺利,9b6c7f,1009.04900,0
喜欢这片星空,4244e3b0,1324.76300,0
期中稳过giao,b7268e71,1322.67000,0
希望期中的成绩能让自己满意,bab6ed14,778.59300,0
童年噩梦,9b6c7f,415.79000,0
教资笔试通过！,7f3fabda,1019.73200,0
offer冲,5f8cb5c5,1362.66100,0
。。。。。。。。。。。。。。。。。。,7c13d4eb,920.33400,0
找到心中所爱,745af4d6,998.22000,0
家人身体健康,745af4d6,998.22000,0
四级通过,745af4d6,998.22000,0
教资通过,745af4d6,998.22000,0
考公上岸,1943e443,679.31600,0
为什么都是在许愿的？,1433382a,735.18000,0
这座山都是她包的。,1433382a,542.98000,0
科三必过,dc57f3d8,662.56900,0
我从小就喜欢跟在妈妈后面一起去帮忙干活，还希望自己可以做得快一点，那妈妈就可以不用那么累，可是长大后妈妈爸爸都不愿意跟我一起在城市生活,4acb0eb4,557.61300,0
期中考试都及格,b0f78a47,706.21700,0
我也是觉得种田辛苦，想着长大后要走出农村而今在大城市觉得农村悠闲自在，但是生活不方便,4acb0eb4,431.35400,0
我们的花生不用这么麻烦的,4acb0eb4,228.23400,0
她种地真的很快,4acb0eb4,150.10000,0
脱单成功！,f7aa3908,1004.80000,0
努力,a850758b,994.14500,0
希望达成我所愿,a850758b,655.04700,0
暴富暴瘦,3bbe3ec1,1347.11600,0
合格考必过,8cc3e498,997.14000,0
暴富暴瘦,3bbe3ec1,1003.16600,0
FGNB,f72c127e,1057.59400,0
希望能考上北京师范大学,5f9197b,1117.38800,0
期中考加油！！！,f2945fd2,995.52600,0
投壶,1b12b27d,1343.82300,0
摘花生也是我童年的噩梦，哈哈哈也经常以摘花生来换冰棍吃,1459d96f,414.90900,0
六级过,b85fe0b2,717.79300,0
教资过,b85fe0b2,705.44700,0
华农直呼内行,acd5d8c2,525.78100,0
希望爸爸妈妈健康,7940ced7,1360.21500,0
看了超想吃！,a8e3dd28,1161.53000,0
加油加油,cb6c4e5c,995.55600,0
原来板栗是地球的东西,3b0b2057,586.19400,0
哈哈哈666,9599e05d,1063.40700,0
强！！！,9672d412,860.14500,0
太会了,9672d412,753.02200,0
家人身体健康平安顺利  找到好工作,79244cb1,1330.92200,0
弹幕迷惑行为,b3c07934,1030.30000,0
瓜尖,26688642,1082.09100,0
BGM：精卫填海,a63f41d8,884.64900,0
考研上岸,829749ba,1037.28900,0
摘花生简直噩梦回忆,6eb83f1b,401.10700,0
身体健康，学业顺利,f6f85095,714.71700,0
我们家也有，外公都还在用,6c3ca8d1,446.71400,0
呵呵呵呵呵呵呵呵呵呵呵呵团队？？？？16年就是她一个人干起来的为了更好的视频招几个人咋啦？？？？？？,43861e4b,150.29200,0
煲鱼头汤,436cfc4d,1065.36600,0
彼岸花,436cfc4d,508.92600,0
那个是嫁接的吗？,436cfc4d,347.18000,0
本学期顺利度过！,70249b40,997.54200,0
我们管这个叫偷瓜,fbf8ebf5,335.54200,0
脱单,1a208e3c,1017.80000,0
桂花,2dbe8d0e,1194.77400,0
中考数学满分,a0e7e58b,1000.55700,0
视频效果满满,e3637b7,1219.56900,0
中考数学满分,a0e7e58b,710.35700,0
我觉得子柒闲闲的随便倚靠很有艺术韵味吗有没有,50c621ad,907.68900,0
哇哦,19d19d05,1252.11000,0
花毛一体？来一瓶啤酒！带上兄弟们喝一天！,19d19d05,1170.85000,0
花毛一体,19d19d05,1172.75000,0
wow,19d19d05,1098.01000,0
金黄酥脆,19d19d05,1025.21000,0
花毛一体哈哈哈哈哈哈,19d19d05,990.79000,0
会武功的仙女,9be613ef,1343.29200,0
勤劳,324e1f66,205.51800,0
她和很多女性都不同,324e1f66,191.89800,0
劳动最光荣,324e1f66,172.27800,0
这是根本就不是粳米好吧一个个说的跟真的似的，是黑糯或者黑米吧,b46cc32f,310.24900,0
锅盖yao,68be8ff9,797.97100,0
联考过过过过过,ec3edcdd,674.81500,0
233,519d5e00,14.81400,0
第一次知道瓜苗能吃。,7e9e9ed3,1154.74200,0
法理加油,7e9e9ed3,714.66200,0
别许愿了，现实中多努力不就好了1,b1bff80b,1033.64900,0
并没有投进去啊七七,8d178d71,1361.47000,0
哈哈哈哈哈,8d178d71,1341.33100,0
工具人上线,8d178d71,927.46500,0
工具人哈哈哈哈哈,eb79ff14,1070.93300,0
南瓜,6654c037,184.10100,0
大户人家,7c45301c,1234.59900,0
大户人家,7c45301c,782.98500,0
花生结不怎么好,7c45301c,402.27500,0
发家致富了,7c45301c,360.07000,0
想不到吧,7c45301c,285.90200,0
平平无奇 五谷丰登烤南瓜,36bfeb7e,1254.09900,0
哎呦喂 看着都香,36bfeb7e,1191.29400,0
面朝黄土背朝天,3f384356,169.66800,0
男的不太好看，都要打码的,5483f85b,1258.79600,0
花毛一体,222c37b3,1179.03800,0
这花生好好看,5483f85b,55.68400,0
牛,eaf7dd53,44.39900,0
在一起永远永远！！！！！！！！！！！！！！！！,a5f8ea00,744.37400,0
宴酣之乐，非丝非竹，射者中，弈者胜。,7ecfbdfb,1332.19000,0
身体健康，快好起来吧,dc471442,671.30000,0
冲着这张封面进来的。,59b54788,543.47300,0
正在磕南瓜籽儿,b91862a9,17.49300,0
不先煮了灾晒？,ea1dfa41,613.21000,0
顺利拿到高中教师资格证！！！,36705728,998.29300,0
四级过,d884b594,683.79900,0
教资顺利通过！,36705728,658.63600,0
华中师大  我一定考上,b764f361,676.44700,0
考研上岸,b764f361,661.05400,0
哈哈哈哈哈李子六的别走,5579b440,913.97400,0
我爱看，能治愈我❤️让我活下去,bddec99c,174.06900,0
不接受任何反驳,79c5dbce,856.54400,0
上清华,866fc370,1077.21100,0
希望期中考试能够考好！进年段前一百！！！每天开心！！！,307878e3,996.07400,0
这应该不是一天,a51b295,1268.31000,0
家常菜变米其林了,a51b295,1120.06400,0
童年噩梦,ef37c688,418.32500,0
讲究,3457d14e,1246.92100,0
但南瓜苗处理起来很麻烦，要把刺撕掉，炒起来脆脆的，很好吃呀,3ea3a4c5,1134.56500,0
挺治愈的,c40e7d93,234.64300,0
笑死了，你们这些人真的考的上吗？,7c675f2f,1019.62300,0
祝福我明年坚持努力，考研成功上岸,91a1323b,681.38500,0
地妻如此夫复何求,7cc02ef1,1316.87200,0
子柒，你这个发型很危险啊，滑稽,861bf771,711.05400,0
我家也有风车，小时候最爱玩了,7158bd07,446.54800,0
这些菜从早上做到晚上，,85f33585,1237.20500,0
这花生长的真不多啊,479da5ab,403.17500,0
不努力只会许愿,e5b3a8f8,1040.84600,0
顺心意,85f07417,1324.17000,0
麝凤蝶,4d1030c4,511.11000,0
能和陈天祥一起结婚,d6c261a3,1324.92800,0
这是织女偷偷下凡躲在人间嘛,16028cf1,1341.12000,0
太厉害了叭,16028cf1,1337.34000,0
好像灯笼啊,c3cd56e1,342.14000,0
那个猫在干嘛，,240c73e9,604.38000,0
好好看呀,16028cf1,1193.96000,0
万事顺意,10a35207,1363.53500,0
我们是最后覆地膜的,583e6198,124.50000,0
期中考试450,10a35207,1322.67900,0
保护我方子柒,240c73e9,487.38000,0
幸福快乐,561810ea,1358.97200,0
平安健康,561810ea,1357.35800,0
每个镜头都很干净，简洁，没有多余,240c73e9,244.70000,0
希望能够找一份满意的工作！,842676a7,1013.81100,0
老哥你春耕时到农村体验一下就知道她到底是不是在演,4f9bb4e6,104.83800,0
进校队羽毛球,e8965f9d,704.83100,0
雅思7！！,17e5c0b8,1360.01600,0
工作顺利,2c4a4d1b,663.08300,0
2021 兩校進暨南大學,74f29006,1001.25500,0
我妈让我娶她,9b3da32a,493.65200,0
多发表几篇sci,46aa1ea8,689.55600,0
sci发表成功！保持开心！身体健康！,46aa1ea8,688.10500,0
这个南瓜怎么回事,4b33726a,353.04500,0
是强化晚上大气保温作用，让冬天农作物避免冻害,a3da30c7,113.90200,0
花毛一体,859a68b7,996.77300,0
白加黑,626d81d0,491.22500,0
上岸浙江！,9d3d2efe,681.26900,0
考试成功！,9d3d2efe,671.75900,0
出柜成功,805c0b5f,695.45000,0
成功进入阿里,36ec38e2,683.48000,0
上岸,d189170e,1322.86000,0
收到offer,dc527a0e,1345.99000,0
健健康康，快快乐乐,cff7de08,701.61200,0
米糕！！！,9a4df49b,802.87900,0
不喜欢配乐的，静音看吧,7a1d6798,323.63300,0
看不明白的，谁求你看了？,7a1d6798,265.45600,0
我尼玛直接疑惑 怎么就开始许愿了呢,a0a9b55a,1015.06600,0
宝刀啊,202f5a19,945.06600,0
啊啊好美！,bddec99c,40.66000,0
真不知道这么好的姑娘会便宜那个小子,d9bd5450,121.83200,0
好多彼岸花啊！黑蝴蝶仿佛守护的小精灵,4979c6ee,507.94500,0
希望毕业能找到好工作，不用跟学校去了,8db3c74f,669.30000,0
丝瓜藤，肉豆须（魔鬼）,db91c224,1172.18300,0
迷惑行为大赏,db91c224,1036.56600,0
毛茸茸？那玩意儿扎死人,db91c224,539.55600,0
我们花生都是摔,db91c224,437.20000,0
用手摘能累死吧，我们这边都是摔的,db91c224,406.47500,0
这劲真的可以啊,db91c224,347.31000,0
不选种吗,db91c224,83.83300,0
国考上岸,dcceceed,698.83000,0
水逆退散,c36b9d65,688.06800,0
看得我口水都...,f6be5075,1299.78100,0
鱼头汤,ae87a7d8,1068.93400,0
祝自己上岸,ae87a7d8,86.02700,0
平平无奇李子柒,371e0412,1260.19900,0
家里的农活也都是我妈一个人做，唉,7a2d183b,453.13500,0
炒米！！呜呜呜呜呜呜我童年的快乐qwq,8e1b8396,783.85900,0
南瓜特香特甜！南瓜饼南瓜粥南瓜干饭我滴妈童年美食！！,8e1b8396,740.87900,0
？,ba2a12ed,907.49800,0
想许个愿的，突然发现没什么好许的，那就祝我好好活着吧,8e1b8396,695.83900,0
累人是累人，踏实真的踏实，我一辈子都记得小时候，做梦都想再过一遍,8e1b8396,619.81900,0
前面那个，板栗不晒你要咋吃？生吃嘛？/流泪,8e1b8396,604.95900,0
橙子,8e1b8396,559.07900,0
打板栗说实话这个真的还累些，那个手那个酸爽啊，无法用语言形容,8e1b8396,525.89900,0
！红石花蒜！,8e1b8396,507.87900,0
然后又特别多的鸡来吃，要撵，半个钟头一个小时翻一次，用脚，特痛,8e1b8396,440.55900,0
我小时候最烦翻谷子，我一小孩子热上来了就想睡觉家里有人做饭，爷爷奶奶在背,8e1b8396,440.55900,0
洗是真的累,8e1b8396,434.74000,0
但是我超级喜欢拔花生！嘎嘎嘎嘎嘎,8e1b8396,394.41900,0
天呐这也太多了吧。。。等等，细想我们家收成了也这么多。。。。两三个月吧我们家五个人。吃完,8e1b8396,348.27900,0
哈哈哈哈哈哈哈我做累了也会叉腰，总有风吹过来，贼舒服,8e1b8396,255.23900,0
我的天呐。。。农村真的美好。。。。,8e1b8396,226.59900,0
高考加油,afe59a74,680.22200,0
娶媳妇,d67677be,1021.74800,0
有老婆,d67677be,1009.82800,0
感觉穿插鬼畜节奏很突兀，以前的李子柒慢慢的，很治愈，现在……只能靠bng才看的舒服,5331a4a,400.04200,0
前面的别走，迁西板栗真的挺好吃的,81ea1cff,596.96900,0
八月瓜超级甜,81ea1cff,559.62700,0
明天比赛加油！,cc779e98,679.81700,0
教资必过，谢谢,c185e889,712.18200,0
祝我工作顺利，家人幸福安康顺遂,88295e34,686.64000,0
好美,a9bdd214,235.57200,0
看起来像个过冬的仓鼠,b8c5f0bf,349.86000,0
教资必过！,16932e4,793.30000,0
原来板栗可以吃,3b12478d,564.03800,0
从旗舰店买的是亲手做的吗,2db39abe,1147.29200,0
谁在那投了个核弹？,d9e69957,998.90900,0
这是板栗？,d9e69957,538.34300,0
合格考求过,77c0c350,1321.76500,0
看起来就香,d772d03f,651.20300,0
国宴,a036fffc,1244.10800,0
上岸,1604162e,1014.39800,0
要是我腰早就废了,97763c8b,116.92000,0
生意好起来,d280bf4b,7.30300,0
身体健康、工作顺利,bce6261c,1053.95400,0
健健康康,8faecbf5,1321.62000,0
工作顺利,8faecbf5,1321.62000,0
希望可以永远开心,8faecbf5,1321.62000,0
无情铁手,625f28b6,731.77900,0
切南瓜是我看错了么，南瓜已经有切好的一圈痕迹了,97946999,726.29200,0
考研上岸,c542a576,664.06400,0
求职顺利,7e339bdd,1010.40400,0
学业顺利！！！,703bfe9a,1323.38000,0
这花生涂装没见过呀！,bb720b40,73.21900,0
绝云椒椒笑死我了哈哈哈,703bfe9a,969.34000,0
但凡干过农活的都不会说摆拍，真的很累很辛苦，现在出来工作了想想那时就觉得好辛苦,ac71c44,588.28500,0
我们家现在都还是自己碾米呢,ac71c44,513.28200,0
什么叫居然自己粘米,ac71c44,492.78100,0
投壶！！！,607c0def,1328.18400,0
希望上岸 加油加油,dca581e,662.79800,0
找到好工作,ddb5a72d,1345.52900,0
弹幕许愿？？,8e7fca58,678.30100,0
感觉表姐和姐夫好恩爱啊,1c7cfbe9,1215.62800,0
工作顺利,ddb5a72d,1001.79000,0
哇简直就是动画,a6bc4c42,356.65900,0
你配不上她,bc191e32,208.79300,0
考出好成绩,c85f4f01,1321.68200,0
能去广州上班,c1a0882c,1009.57700,0
八年级考出好成绩,c85f4f01,995.77800,0
要先浇水在上土。。。,dad35efe,144.01800,0
八年级考出一个好成绩,c85f4f01,658.04600,0
哇！采彼岸花粉的黑蝴蝶,8780b1b2,506.54000,0
这水稻坏了吧,16ab76e4,256.50000,0
公务员上岸,9fbfffe2,1326.74000,0
考研成功,5998b792,1007.91600,0
护资过,45fb62f7,1016.65900,0
泥瓜,fa2fd8e4,562.60000,0
学习进步，身体健康,2d5d35e4,1363.36100,0
恋爱顺利，我爱你，大恐龙,2d5d35e4,1331.32000,0
卧槽！这也太美啦！,61eb5b1c,773.68300,0
这个光太美啦,61eb5b1c,547.97000,0
你以为你弹幕换个颜色我就不知道你是同一人？,dfb23fc2,1043.38400,0
她家有钱，哈哈！,bb1aa40f,755.67500,0
投壶！！,acda8d4,1328.95200,0
我不明白的是他为什么要以种植这么多的植物。,bb1aa40f,591.62000,0
香菱看到口水直流,a4b01680,991.92600,0
万事胜意,a813c61a,1321.02300,0
中级注安过过过过,f618c675,701.43900,0
彼岸花和黑蝴蝶，有内味了,acda8d4,507.93600,0
家人平安 你快乐 我没事,a813c61a,714.91800,0
2022考上双高,16741834,998.09900,0
真能干。 感谢分享这些食物的生长。,c0fee1e8,354.13100,0
种这么多一年四季都有事情做，停不下来的那种,2d64275a,406.86900,0
明天考试顺利,16741834,660.60900,0
期中段300,16741834,659.85500,0
一般吃不完都会送人,2d64275a,353.19400,0
心想事成,e9bf349d,669.72200,0
事如我意,ece822bd,1330.59200,0
如我意,ece822bd,1023.90100,0
！！！！,6317c7c8,17.78000,0
！！！！,6317c7c8,16.06000,0
实习顺利，工作顺利，家人健康,ece822bd,725.21100,0
公务员上岸,9fbfffe2,676.24400,0
↑看个美食视频连许愿都觉得奇怪我也是服了↑,13b0d261,1333.82600,0
希望工作顺利,a4fa3cf9,680.20800,0
升本过关，有个对象,34726cba,1341.67300,0
在我的卷子上看见过小柒,13b0d261,220.45100,0
无灾无难,b309ff70,743.09200,0
一战成硕,b309ff70,659.42100,0
希望我快乐,73e7a6f7,731.94500,0
老公，我来了,d8fe7eea,7.04000,0
好漂亮啊好想吃！！！！馋哭了,84be0544,1195.68600,0
这视频看完，我就快下班啦,a0d46972,252.72400,0
提前批上岸,37069779,1317.41900,0
豆豆明年就找到男朋友,65752107,1327.72500,0
提前批上岸,37069779,995.46700,0
这个我干过,5bf703a3,290.16200,0
？花生酱在这里也被埋hhhhhh,db59d4dc,83.86000,0
又开始了，你们烦不烦,5f5ccdef,1320.02000,0
来啦,8f5aba9a,9.02900,0
花毛一体,5f5ccdef,985.81200,0
叫的外婆，应该是亲表姐,5f5ccdef,900.94800,0
收黄豆也很辛苦哈哈,72ea02bd,449.13800,0
他来找我,bfe31b65,666.84000,0
我就说谷子咋是这个颜色，原来是黑米,5f5ccdef,476.58500,0
神tm刘在石，哈哈哈哈哈,5f5ccdef,293.28900,0
安静看不好吗，刷什么辛苦了,e2734a21,317.88700,0
辛苦的麻烦以后在看到环卫工人的时候也说一句辛苦了,e2734a21,305.03200,0
毛豆,a4591c4f,969.78600,0
紫苏,a4591c4f,963.38600,0
玩原神的还有时间看这个？,6c24fc8e,960.36200,0
考编上岸,bcf88808,1338.92800,0
馋了,bcf88808,1239.93700,0
爱了爱了,bcf88808,1189.60400,0
事业单位上岸,bcf88808,1007.57900,0
爸妈身体健康 自己考研成功,f6e8bc36,1325.28900,0
想娶,9e7ace2b,865.21500,0
那全是刺好吗，,8cfba097,559.35800,0
我四川的我这婆婆就是婆婆，奶奶就是奶奶,c504e593,87.61400,0
这个世界最想的味道，就是食物散发的味道。,e40c09cd,231.77700,0
万能选手,e40c09cd,105.55800,0
三年一顿饭做三年,8af739ff,1229.01500,0
辣手摧花,8af739ff,949.33800,0
天上的仙境也不过如此,e041a8f5,38.17700,0
哪个把我瓜颠颠儿咔了的,74fac530,1085.41700,0
好治愈,74fac530,849.38600,0
贝贝南瓜吗,74fac530,823.27300,0
逼乎一堆人酸的不行,8af739ff,247.54900,0
赚够500万,74fac530,691.77500,0
不先割顶上的苗喂猪吗,74fac530,379.88100,0
说国宴的真夸张了，彩虹屁不是这么放的,431691b,1258.61900,0
能够顺利找到实习工作,8c4de748,996.80100,0
六级过过过,8c4de748,996.80100,0
u,8c4de748,996.80100,0
许什么愿啊我说,3a53584b,1323.00100,0
春种一粒粟，秋收万颗子,ff35a3af,301.75800,0
不要在别人辛苦做的视频里许一些乱七八糟的愿，互相尊重好吗,217f7744,677.01200,0
希望男盆友考验上案,432ccfaf,1344.79300,0
收花生的时候很累的,46277403,107.94000,0
爱情顺利,390c8225,1003.58300,0
专升本上岸,153a147e,996.56100,0
国宴级别招待啊 嘴角流下了羡慕的泪水,bc2505fa,1277.90300,0
国编上岸,b71dba98,657.06500,0
花毛一体,b24c7be4,986.17200,0
在乎的人平平安安 一帆风顺,ab9a5aad,1007.59300,0
祝我爸我妈长命百岁，平平安安,b2ca2236,996.01700,0
祝父母长命百岁，平平安安,b2ca2236,997.03000,0
祝父母长命百岁,b2ca2236,982.75000,0
祝父母长命百岁,b2ca2236,1003.50000,0
原来板栗长这样的呀！,f25701f9,537.33900,0
想上她家去趁饭,84987597,1304.84000,0
真好,991a4c4e,1341.89900,0
糖炒栗子,6d6767d1,597.84800,0
这配乐有种看古装剧的赶脚,e691729c,1216.57400,0
爷爷，爷爷，爷爷,6d6767d1,301.11400,0
哈哈，我以为要人工割水稻呢,6d6767d1,245.45400,0
太猛了，自己一个人种地,6d6767d1,92.86100,0
好好活着,991a4c4e,685.46000,0
生活仪式感太重要了！！！学习之,68708d3e,1196.43400,0
地膜的作用  抑制杂草生长  保温 保湿,c8104a8b,118.46000,0
看的老子好饿,b6a16aad,1222.58800,0
我想说我吃过滋吧 没吃过这种,b6a16aad,1132.77300,0
加速放上劳动全过程，不知可不可以堵住某些''求真''派胡寖的嘴,68708d3e,398.72000,0
风谷机,b6a16aad,457.27700,0
太多了吧,b6a16aad,350.74200,0
希望弹幕里所有人都能实现自己的愿望，包括我,bda56d67,783.41000,0
万事顺遂,b7330ac8,1013.85500,0
华科大！,6b146f9,670.37400,0
你们许愿全都不灵,6a01ec12,1027.60600,0
你们在拜菩萨吗,e4218346,1024.07800,0
小时候打板栗要带帽要带草帽，不热扎你头上都是刺,cb77d6da,524.26000,0
未来顺利,4e715ab7,1005.66000,0
这码打的,b0267f42,902.79700,0
我觉得像李子柒这样的一个可以打我五个,8fc85e05,87.32700,0
侠女！,c2f1aee4,1357.59500,0
好美,9b88061f,1011.54000,0
UP的视频是人间烟火，大家的心愿是人生百态 还蛮有意境的呀,9b88061f,679.29500,0
这是紫米吗？,c2f1aee4,303.55400,0
也不要那么暴躁啦 人都是有心愿的呀 大家也只是看到美好的东西 所以会希望自己也能实现美好的梦想呀,9b88061f,666.68800,0
台湾回归   祖国万岁,d10ec3a5,693.17800,0
分班顺利，段考顺利,870d16e8,1009.46000,0
为什么要许愿，这个视频那里和许愿有关吗，莫名其妙,4101e171,988.39300,0
两只小奶狗长大了,3b64aaae,284.90500,0
八月炸,9be02580,566.86100,0
哪个农村的农民不是这么干的，都心疼啥啊,9be02580,421.33500,0
落花生真的是我的噩梦,e0101262,385.40900,0
？？？为什么一看到景色就许愿，好好欣赏不行吗？,22fec2c,1009.94000,0
南瓜苗广东人天天吃,336b80,1156.79700,0
浇上急支糖浆精髓,336b80,1134.15500,0
肯定不是亲姐啊,336b80,938.62700,0
新的一年，愿大家都有绿色好心情,336b80,761.33100,0
鬼jio柒,336b80,670.69300,0
酒鬼柒,336b80,662.48000,0
赚钱，让生活过得舒心点,e41a6d64,1032.03400,0
希望生活过得舒心一点,e41a6d64,723.19300,0
，，nm,8a8cb74e,716.41300,0
菜籽油,41cf2860,1032.75200,0
暖暖草果的老林克了,f57311bf,955.50500,0
好家伙正在做政治题呐，看到你了，就过来了，没成想还真搜到了,f6fb144c,34.62000,0
我也要一个一起到老的对象吧,653daf55,1334.15600,0
不是 也没人说地一定要自己的啊 可以去村那边租借啊,1bb3b3fd,304.27700,0
2022考研成功,a32a85e9,682.19600,0
展现的是古代女子最美的形象啊,4d4ec026,748.44100,0
我也来啦，我想要男朋友,653daf55,676.71800,0
归园田居,53747514,234.94000,0
考试顺利,e8b5f74b,1007.66200,0
为啥在这许愿?迷惑,dbfcbb57,1034.12700,0
】‘“,431874fa,305.02800,0
啊啊啊啊,2e0ee7e8,1325.58400,0
学习顺利,142d6db0,1011.85400,0
神人啊,2e0ee7e8,331.54000,0
只剪片段说摆拍，快进又说影响美感，太难了,de0512e9,391.55300,0
学业顺利,856eb50,1324.98700,0
好想在山上搭个小木屋,a9e96943,695.29400,0
身体健康,9b53193f,1336.82100,0
时长太感人了,d8c9aa36,15.86000,0
姐姐，你心里开心吗？,a9e96943,211.98900,0
红烧小狗,a9e96943,40.05400,0
为什么我没有见过八月瓜,9b53193f,585.99800,0
恋爱了恋爱了,9b53193f,540.83200,0
平安喜乐,28d82e4a,1025.50000,0
我来了,9b53193f,9.19800,0
毛栗子,bc0906f7,529.10000,0
找到一份好的 稳定的工作,28386aa1,1355.94500,0
好运气,8b6fcd66,994.80300,0
加油加油,f2dff599,1002.43900,0
这么多怎么吃的完,226bcc82,336.22200,0
万事顺意身体健康阖家幸福,338ee1ec,998.42000,0
希望我公公能大病痊愈安享晚年,338ee1ec,765.90000,0
大家身体健康，万事顺意,338ee1ec,720.98000,0
啊啊啊啊甜酒吗！,338ee1ec,640.62000,0
记忆啊,39a2588c,131.18000,0
来催更了,787f696d,5.36000,0
教资过过过,6d30e45,1046.82400,0
笔试通过,6d30e45,1041.52400,0
教资通过,6d30e45,1034.78400,0
找到自己,d5d9c3bc,1015.73000,0
换了好几件衣服了,5ca973d6,407.37200,0
护考必过！,ccbb7bad,1336.11100,0
