牙齿大放送,5a3768f1,9.09300,0
我又来了,374c6d1b,10.56100,0
哈哈哈哈哈哈 救命 不管看多少次都好好笑 太憨了,c4185df4,21.71900,0
hhhhhhh,31d91000,50.55100,0
干农活,46932356,24.89000,0
每天一遍快乐无限,6b745a99,12.59600,0
绝好哈哈哈哈哈哈哈哈 救命,bc481871,22.44800,0
啊啊啊啊啊啊这是什么人间小可爱,8502af0f,18.15000,0
哈哈哈哈哈哈哈哈哈哈哈,e03d9552,15.86400,0
嘴还是张着的哈哈哈憨憨,cd6b0579,34.42400,0
头笑掉了哈哈哈哈哈哈哈哈哈哈哈哈哈哈哈哈哈哈哈哈哈,cd6b0579,18.14100,0
再来亿遍,cd6b0579,4.70200,0
哈哈哈哈哈哈,13ef654c,24.87200,0
哈哈哈哈哈哈,3a4e5745,14.26400,0
马群耀：没有人比我更懂复健,860042e4,49.84100,0
哈哈哈哈哈哈太上头了 啊,23355da9,19.15800,0
笑裂了哈哈哈哈哈哈哈哈哈这大白牙,51013a27,36.01200,0
哈哈哈大爷跳舞,3e2a80cf,45.05900,0
hhh,3e2a80cf,19.41900,0
比尔金你为什么一直露着牙哈哈哈哈哈哈,4f321491,28.51900,0
他入戏了,4bbd8bc0,18.08400,0
哈哈哈哈哈哈哈哈,a729cdb8,29.17700,0
主要他每次都很认真地在跳，更搞笑了,bbf9d177,24.94400,0
套马杆的汉子～,f7209736,26.75900,0
哈哈哈哈哈哈哈,58e9a42,25.43500,0
哈哈哈哈哈哈哈哈哈哈,622894b5,22.27500,0
哈哈哈哈哈哈哈哈哈,4663c56a,50.36000,0
太好笑了啦,84abc6d3,49.57400,0
哈哈哈哈哈哈,84abc6d3,39.07500,0
模糊的身影也让我止不住的笑:-D,8026c160,21.87700,0
哈哈哈哈哈哈哈哈哈哈哈哈哈哈哈,42bfe7f2,39.58700,0
复健,3969b7f6,17.16000,0
舞蹈精灵比尔金,5a3768f1,18.43100,0
笑没了,9e038e9a,36.43000,0
哈哈哈哈哈哈哈哈,f84103be,36.50800,0
猴啊～哈哈哈哈哈哈哈哈,a2b13e23,43.08600,0
返祖行为,6fadbc1c,35.23300,0
救命啊哈哈哈哈哈哈哈啊哈哈哈哈,5f4cbd80,30.53900,0
哈哈哈哈哈哈哈哈哈哈,40e2cd5,20.24600,0
哈哈哈哈哈哈哈哈哈哈哈哈哈哈哈哈哈哈哈哈,bf6faa33,41.06500,0
哈哈哈哈哈哈哈嗝,532e02f6,45.85700,0
哈哈哈哈哈哈哈哈哈哈,2b9141f8,25.65300,0
我疯了,cc41c10f,5.64300,0
狗狗金真的太可爱了吧！！！,2cc73802,6.66000,0
以为他就是个憨憨hhhh,1187aee4,23.86900,0
狗勾也太可爱了叭hhhh,1187aee4,14.67400,0
再来亿遍哈哈哈哈哈哈哈哈哈哈,1187aee4,2.00200,0
我又来了,2aa3b080,10.17900,0
哈哈哈哈哈哈哈哈,7676fd2b,20.42500,0
哈哈哈哈哈哈哈,13834a7e,54.94400,0
啊啊啊啊啊！他太可爱了啊！哈哈哈哈哈哈哈,dfe8eaf3,24.07600,0
牙：学会了,20e07f49,19.90200,0
绝,bc481871,8.80100,0
哈哈哈哈哈哈哈马群耀太可爱了,26ee97a,29.49700,0
哈哈哈哈哈哈哈哈哈哈哈,6eaf34da,31.40400,0
别打我别打我,cd2afa20,21.93900,0
bk太傻了吧哈哈哈,214803e6,45.61900,0
大傻子,e0ccb381,33.26700,0
哈哈哈哈哈哈哈哈哈哈哈哈哈哈哈哈哈哈哈哈哈哈,7f778621,30.42700,0
哈哈哈哈哈哈哈,7f778621,20.59400,0
他也就点点手指能跟的上,82cc54f,13.05900,0
哈哈哈哈哈哈哈哈哈哈,23355da9,11.82900,0
比尔金体操教学,c757175c,49.87100,0
救命哈哈哈哈哈哈哈哈哈哈哈哈哈哈哈哈哈哈,c757175c,31.22600,0
哈哈哈哈哈,84995c03,39.97900,0
哈哈哈哈哈哈哈哈哈哈哈,cf2f0693,28.13200,0
像極了公園散步時遇到那隻不太聰明的獅子狗,9316b753,20.77900,0
哈哈哈哈哈哈哈哈哈哈太憨了,e8a5dd5d,17.03500,0
嘴合不上吗哈哈哈哈哈笑晕了欢乐喜剧人,627f660e,47.76300,0
每天一遍,3807d7ee,2.99900,0
哈哈哈哈哈哈哈哈,4f3703f6,31.36400,0
不行了我要笑掉头啦hhhhb,8f8862a9,41.12000,0
哈哈哈哈哈哈哈哈,fe81adf5,26.75800,0
噗哈哈哈哈哈,b5719957,44.51400,0
哈哈哈哈,a1c49bc2,38.43900,0
农民攻不错的,242e6669,50.87200,0
哈哈哈哈哈哈哈哈哈哈哈哈哈哈哈哈我快笑死了,242e6669,41.63300,0
最拿手动作笑死我,ea26e1c9,35.20600,0
笑吐了哈哈哈哈哈哈,a842dadf,29.43800,0
笑死我了,d8c382bf,45.58000,0
太可爱了哈哈哈哈哈哈,d8c382bf,36.36800,0
哈哈哈哈哈哈哈哈,d8c382bf,29.49300,0
哈哈哈哈哈哈太可爱啦！！,d8c382bf,18.73400,0
先鞠躬道歉哈哈哈哈哈哈哈哈哈哈哈哈,da8af94,7.50900,0
舞蹈妖精比尔金复健带师比尔金,da8af94,40.88900,0
哈哈哈哈哈哈哈哈哈哈哈,255d1cd7,15.57900,0
哈哈哈哈哈哈,c637a8a5,16.53900,0
每天好多遍,cbe88c3c,10.91000,0
笑死了哈哈哈哈好可爱,b55a9a58,48.43900,0
再看伊遍,2c144d7b,11.70400,0
比尔金像是在跳大神,5e3d1b86,23.30700,0
哈哈哈哈哈哈哈哈哈,4dc2ca3a,20.37100,0
哈哈哈哈哈哈哈哈哈哈哈,50d6bdec,53.02700,0
哈哈哈哈哈,d0775237,40.79100,0
哈哈哈哈哈哈哈哈哈点开之前从来没想过这么好笑,13ef654c,45.22500,0
哈哈哈哈哈哈哈,13ef654c,19.22600,0
我信了他唱歌好听是拿跳舞换的哈哈哈哈哈哈,b9d937a6,38.14000,0
每天一遍防止抑郁,7bd811c7,1.26100,0
插秧哈哈哈,6d7ec699,30.05900,0
哈哈哈哈哈哈这是什么人间憨憨！！！,ac1efbd,34.87200,0
我又来了哈哈哈哈哈哈每天来一遍,11308891,12.42400,0
哈哈哈哈哈哈哈哈哈,e07ddf30,25.23800,0
我個拿手動作我笑死,5031cce,35.16600,0
怎么这么可爱啊,6b0d97c1,15.63900,0
哈哈哈哈哈咋回事啊宝子,d13c196c,30.13100,0
比尔金哈哈哈哈哈妈妈来笑你了,d13c196c,17.89200,0
越努力越好笑哈哈哈哈,d13c196c,6.57900,0
感觉口水都要流下来了,16910981,37.42200,0
马群耀：没人比我更懂复健,fefd401f,34.79900,0
哈哈哈哈哈哈憨憨,f00e8c70,41.75900,0
太憨憨,a774eca7,48.03800,0
哈哈哈哈哈哈哈哈哈哈哈,4dbd259d,15.87900,0
哈哈哈哈哈哈哈哈哈哈哈哈哈哈,4663c56a,30.43800,0
看了无数遍还是笑得不行,ee1f6f9b,31.10000,0
好可爱哈哈哈,2d73e12a,15.36500,0
哈哈哈哈哈哈,2d73e12a,49.74200,0
确定乖巧吗,eda5f65b,13.50700,0
双厨狂喜！！！！啊啊啊啊啊,8e47e6c8,7.12400,0
哈哈哈哈哈哈哈哈哈哈,60043b57,28.15100,0
哈哈哈哈哈哈哈哈哈哈哈,23355da9,9.40600,0
大头鱼哈哈哈哈哈哈哈哈,df839ae2,25.01000,0
好可爱啊哈哈哈哈哈哈哈哈哈哈,d480abf,53.01000,0
哈哈哈哈哈啊哈哈,336c7f7,51.71400,0
hhhh哈哈哈哈哈哈哈哈哈笑死,7b0fb649,32.81900,0
hhhh哈哈哈哈哈哈哈哈哈笑死,7b0fb649,15.72100,0
再来亿遍哈哈哈哈哈哈哈哈哈哈哈哈,9c248536,3.58900,0
哈哈哈哈哈哈哈哈哈哈哈哈哈哈哈哈哈哈哈哈哈哈哈哈,33933bc5,35.39000,0
老年康复训练,997cb166,18.45100,0
哈哈哈哈哈哈哈铁憨憨,df21264e,34.04600,0
bdjw，是在准备运动会百米跑吗？,6c906290,34.95900,0
哈哈哈哈哈哈,1cd67c88,10.70300,0
哈哈哈哈哈哈哈哈哈,a842dadf,26.93300,0
马老师跳舞yyds!!!,c797e5bf,15.54000,0
为啥看着这么憨啊，哈哈哈哈哈哈哈,1e61269a,15.76400,0
哈哈哈哈,8f979cc9,33.39100,0
每天一遍，烦恼再见,8f979cc9,21.39100,0
bk把嘴给我闭上！我说。。。,600ea221,41.62300,0
先笑为敬,c023f6bb,13.49200,0
哈哈哈哈哈哈哈哈哈哈哈哈哈哈哈,1f18a46,31.14800,0
鸡鸭扣,40b99a82,0.90000,0
可龙？？？,40b99a82,45.34300,0
你是可龙吗,40b99a82,38.84300,0
好像鸡扣的朋友可龙哈哈哈,40b99a82,28.34300,0
鸡扣的歌好火,40b99a82,18.34300,0
鸡扣鸡扣,40b99a82,11.84300,0
马群耀笑死了哈哈哈哈哈哈哈,c5c050d5,18.29300,0
哈哈哈哈哈哈,b0c8a011,17.41900,0
公园大爷都比你跳的好,b885e97b,18.73000,0
牙齿大放送,3a96aae8,7.58300,0
哈哈哈哈哈哈哈哈哈哈哈哈哈哈哈哈哈哈,dd65f190,34.74500,0
哈哈哈哈哈哈哈哈哈哈哈哈哈哈,d92792c1,24.06100,0
没有一个动作在拍上哈哈哈哈哈哈哈,48e18914,15.69600,0
烧饼那个别跑哈哈哈哈哈哈哈哈,687c4326,26.56900,0
太可爱了,4396d751,40.93700,0
哈哈哈哈哈哈哈哈哈哈,9cd2c7b1,32.14600,0
头笑掉了,baefd5d5,26.46800,0
还好哈哈哈,baefd5d5,19.58500,0
比尔金老喜剧人了,9745fe6e,22.43500,0
这个拿手动作笑死我了,3ebd28d2,43.77200,0
哈哈哈哈哈哈哈哈哈哈哈哈哈哈哈哈哈哈哈哈哈哈哈哈哈哈,c6b322c4,26.14700,0
操哈哈哈哈哈哈哈哈哈哈哈哈,c6b322c4,19.02700,0
我开始笑了,c6b322c4,4.03500,0
我的妈呀！他怎么这么可爱,699c0836,51.82900,0
哈哈哈哈哈哈比尔金也太可爱了！！！！,699c0836,33.32900,0
可以说是一点协调都没有,5c30d83e,8.42900,0
有个评论纤夫的爱我要笑趴,5c30d83e,32.68500,0
早期人类驯服胳膊珍贵录像哈哈哈哈,912fa424,20.91400,0
早期人类巡抚胳膊珍贵录像哈哈哈哈哈,912fa424,24.46700,0
早期人类驯服胳膊珍贵录像哈哈哈哈,912fa424,26.58800,0
哈哈哈哈哈哈,c797e5bf,24.97100,0
哈哈哈哈哈哈哈这啥,97f1f199,40.29100,0
哈哈哈哈哈哈哈,ad2d696e,29.91400,0
哈哈哈哈哈哈哈哈,ad2d696e,18.41500,0
前面那个脑血栓康复训练 笑yue了,5c505ee7,42.30300,0
大猩猩~哈哈哈哈哈~还是傻的那只！,a53175ee,22.44500,0
啊哈哈哈哈哈哈哈哈哈哈笑死,7a300d7c,20.99700,0
哈哈哈哈哈哈,3972b43d,32.79200,0
哈哈哈哈哈哈哈哈哈哈哈哈哈哈,327e2678,42.42100,0
哈哈哈哈哈哈哈,894ba8f3,44.32300,0
哈哈哈哈哈哈哈哈哈,a85b131c,22.32400,0
哈哈哈哈哈哈,70eea5ff,31.12700,0
梦幻联动,61330e43,7.08500,0
hahahahahahahah,1fd24d9c,50.25900,0
哈哈哈哈哈哈笑死我了,fbfde4b9,22.97800,0
哈哈哈哈哈哈哈哈哈 笑伤我了,970c59f9,48.36100,0
哈哈哈哈哈哈哈哈哈哈哈哈哈哈哈好憨啊,1f4ed766,23.42900,0
不太聪明的亚子,1d401069,14.80100,0
太憨憨了哈哈哈哈哈,1d401069,23.53200,0
哈哈哈哈哈哈哈哈哈哈哈哈哈哈哈哈哈哈哈哈哈哈哈哈哈哈,d993a762,29.13500,0
新的假肢那个姐妹笑死我了,e81fb64a,17.60800,0
笑吐了,e81fb64a,5.92000,0
bk你怎么那么可爱啊啊啊！！！！,c9565c74,49.84800,0
比尔:除了跳舞啥都会,38738642,21.69900,0
他在干嘛…,526aae40,19.83900,0
哈哈哈哈哈哈哈哈哈哈哈哈哈哈哈哈,64f49ba1,25.88800,0
再来亿遍,5cecdfa1,3.25900,0
笑吐我了比尔金,8d141c83,46.90900,0
入 坑 视 频,46f9e309,10.47900,0
比尔金 你赔我面膜！,622894b5,20.01900,0
嘎嘎嘎嘎嘎嘎嘎嘎嘎嘎嘎嘎,c274798a,38.67800,0
哈哈哈哈哈哈哈哈哈,c274798a,31.59600,0
嘴好像合不上了,9188f13f,36.46000,0
开始干农活,9188f13f,23.00200,0
熟悉一下新的假肢,9188f13f,14.35100,0
哈哈,c0c658b1,50.40800,0
哈哈哈哈哈哈哈哈哈哈哈哈哈哈哈哈哈哈哈哈哈哈哈哈哈哈,464a52b4,27.93400,0
就只能跟上这一个动作,aad80e7f,35.69900,0
哈哈哈哈哈，比尔金真有你的,aad80e7f,17.85900,0
救命,14899b6d,44.81300,0
哈哈哈哈哈哈哈哈哈哈哈哈哈哈哈哈哈哈哈,5e51fa67,46.71300,0
每天一遍，防止抑郁,5cecdfa1,4.77900,0
憨憨比尔金哈哈哈,b06a8bed,29.95600,0
哈哈哈哈哈哈哈哈哈哈哈哈哈哈哈哈哈哈哈哈哈哈,12bd30c6,41.21900,0
pp旁边笑死哈哈哈哈哈,bff8782b,30.50400,0
好憨啊哈哈哈哈哈哈,6f11df69,44.89900,0
笑拉了,890c9ab3,37.72200,0
哈哈哈哈哈哈，憨憨,b081c708,51.03100,0
哈哈哈哈哈哈哈哈哈哈哈,f726472,22.74800,0
手怎么这么黑,26b7564a,33.69500,0
我要笑死了,aba9ed10,49.59600,0
哈哈哈哈哈哈,aba9ed10,38.71500,0
哈哈哈哈哈,6d086b65,18.59800,0
嘴也不闭上,527e3969,36.94200,0
再来亿遍,5cecdfa1,4.97900,0
狒狒,97517c42,18.27500,0
咋跟我爷爷似的,836d8dde,42.49200,0
哈哈哈哈哈哈哈哈哈哈哈哈,a8439dc9,27.65900,0
刚接触新鲜事物的老头,d2a2e0b9,48.54900,0
像个傻子,d2a2e0b9,40.00600,0
哈哈哈哈哈哈哈,e22ef583,25.65900,0
哈哈哈哈哈哈哈哈哈哈哈哈哈哈,f8380420,23.55900,0
哈哈哈哈哈哈哈哈哈哈,27052bdf,13.76900,0
太好笑了  救命,7ca40fb5,35.31900,0
全程笑死,7ca40fb5,13.90000,0
我准备笑了,70bb9aa,6.57100,0
他在干什么哈哈哈哈哈哈哈哈哈哈哈,74169330,46.54900,0
这漫长的一分钟,d391d535,41.90300,0
哈哈哈哈哈,de1fd05e,10.56200,0
你不配这首歌，哈哈？！,320ab04b,48.95900,0
老婆你咋了。,320ab04b,30.95900,0
头笑掉,f0988e13,6.09900,0
康复训练来了,3ba2df7e,7.92400,0
哈哈哈哈哈哈哈哈哈哈哈哈,200c7fd8,23.78000,0
hhhh哈哈哈哈哈哈哈哈哈,7b0fb649,24.61300,0
哈哈哈哈哈哈哈哈哈哈哈哈,37b97c75,28.29500,0
哈哈哈哈哈哈哈哈哈哈哈哈哈哈好,976542a2,19.97000,0
哈哈哈哈哈哈哈哈哈哈哈哈哈哈,be083740,44.47600,0
这大白牙,7577fc93,28.85900,0
哈哈哈哈哈哈,46dbcd0,52.65900,0
哈哈哈哈哈哈哈哈,2aa560,40.01900,0
笑死我了,5b5f8937,41.08500,0
噗噗噗噗噗噗,5b5f8937,32.55700,0
憨憨！哈哈哈哈哈哈,7f5ec62e,29.93900,0
喜剧人哈哈哈哈哈哈,7f5ec62e,20.62000,0
再来亿遍,6bd3f003,5.08800,0
啊哈哈哈哈哈他怎么啦,8a364b1c,27.88000,0
脑血栓康复训练,6c906290,37.31900,0
抡大锤,bcb3486e,16.10300,0
手脚各自行动，哈哈哈哈哈,abdd2d0e,44.39900,0
好可爱啊哈哈哈,aa37d110,13.33100,0
哥，被绑架了就眨眨眼,cbe5c588,30.43100,0
比尔金跳的跟个大猩猩似的,2e39110e,20.51900,0
哈哈哈笑死我了,d42dffee,28.33900,0
？哈哈哈哈哈哈哈哈哈哈哈哈哈,de3bfb60,19.26200,0
哈哈哈哈哈他真的好像个老头,e3a586c7,46.43900,0
好憨啊哈哈哈哈哈哈,635629aa,25.87900,0
也就宋智孝可以与之一战了,cf29c95f,38.21000,0
大猩猩？哈哈哈哈哈,499ccc38,35.87600,0
哈哈哈哈哈哈哈,5840899c,15.37500,0
哈哈哈哈哈哈哈太憨了,d7b7542d,26.64100,0
哈哈哈哈哈哈哈哈哈哈哈哈,ec4ee381,34.01900,0
马群耀你是不是有毛病！,a9c28d2,48.27900,0
哈哈哈哈哈哈哈哈,66c83db0,10.76000,0
？？？？？？？,1a378d1e,18.89900,0
哈哈哈哈哈哈哈哈哈哈哈哈,cf7b54dd,38.63200,0
救命哈哈哈哈哈哈哈,280353d1,44.94200,0
哈哈哈哈哈哈哈哈哈哈哈,69df7c6c,22.53000,0
？？？？？,f4bbd6cc,25.44000,0
马哥我的快乐源泉,953edd6,36.31100,0
本来应该踩点一流 奈何耳朵跟得上四肢它跟不上,ccaa5c05,7.88800,0
哈哈哈哈哈哈,ccaa5c05,21.94800,0
哈哈哈哈哈哈哈,894ba8f3,45.38300,0
哈哈哈哈哈哈哈哈,1798fdf8,48.16100,0
舞蹈黑洞马群耀,1798fdf8,0.00000,0
走了，有些失望，还没我爸跳的好呢哈哈哈哈哈哈哈哈,632fad6,27.54000,0
看完走出去的多半都不正常了,ea99cd86,39.17000,0
哈哈哈哈哈哈哈哈哈哈哈哈哈哈哈哈哈哈哈哈哈哈哈,3c985f71,17.43600,0
哈哈哈哈哈哈,c4b3e25,29.35900,0
开始笑！,3bcf6925,9.62900,0
哈哈哈哈哈哈哈哈哈哈,6575be08,30.29800,0
哈哈哈哈哈哈,f7159f51,24.49800,0
哈哈哈哈哈哈哈哈,a5da1936,38.15400,0
老年迪斯科罢了,555f230b,11.30100,0
康复运动哈哈哈哈哈哈,8d9acaa8,46.30400,0
哈哈哈哈哈哈哈哈哈笑得我脸酸,4d1f1371,26.34600,0
太像大傻子了哈哈哈哈哈哈哈,78b414be,18.35900,0
欢乐喜剧人比尔金,50a20ff1,48.37900,0
我又来了,24f06787,5.69000,0
哈哈哈哈,9106d364,38.39100,0
哈哈哈哈哈哈哈哈,805f34e5,50.83500,0
