洲 际 导 弹 【C4快乐阴人流#10】,141.3万,8906,鲁大能,2734627
我把这张强力卡牌赐予你【水无月菌】,146.7万,6856,水无月菌,2234106
当MC大神距上课迟到还有一分钟！,141.5万,1883,FoFTG,2099299
这就是宝可梦的魅力吗？,128万,1.3万,花少北丶,2008232
中世纪富豪老番茄,213.9万,9553,老番茄,2004978
当国人战队抱团抗韩【解说全覆盖25期】,78.8万,4364,南云鸟羽,1896259
【更新】某幻《赛博朋克2077》等了50多年，终于来了！,244.5万,2.9万,某幻君,1765158
听到这个警笛头的声音我就尿了！,109.4万,1.4万,中国BOY超级大猩猩,1663443
靠谱盘点102：厂长复出？主教练正在热身！Clearlove11即将连接？,139.6万,1万,靠谱电竞,1614011
洗脑神曲！《澜拿蓝》，你被洗脑了吗？,98.4万,725,居角接头霸王,1556111
【老E】赛博朋克2077个BUG,93.9万,4585,EdmundDZhang,1362419
鸡王争霸赛（上）,94.1万,1896,小潮院长,1311431
《赛博朋克2077》传说武器与装备收集攻略（持续更新中）,45.6万,463,游戏老一夏,1280362
Bug也跟不上我的速度！,97.4万,3607,盒子酸奶,1269092
【打泥泥】逃离那个名为“家”的地方…,48.2万,1万,打泥泥,1197134
【STN快报第五季21】你的下一台PS5，何必只是ps5,59.8万,7729,STN工作室,1173617
赛博朋克是资本主义的终极形态吗？控制论革命的残酷真相【游戏社会学】,36.4万,5895,学院派Academia,1142862
【巅峰数据排行】12_全英雄击杀次数对比！第一堪称死神！,48.2万,1225,月爱,1138472
2077赛博朋克~新手隐藏福利，传说武器，传说装备，传说图纸（不断更新）,36.1万,369,鲁路修兰佩鲁济,1124864
我做出来了！MC里最平缓（没用）的楼梯！！！,63.7万,1633,平平淡淡梁桑菌,1087626
《原神》1.2版本PV：「白垩与黑龙」,96.7万,1.6万,原神,1087027
【4K】老戴《赛博朋克 2077》全故事剧情流程解说【持续更新ING】,104.2万,1.5万,老戴在此,1061452
垃圾生存游戏 每只恐龙身上都有BUG！,80.5万,2824,敖厂长,1001671
建这个东西花了我一周！【全程高能15】,33.5万,7459,吉儿一范伦婷,993909
【不止游戏】游戏中的燃烧照明棒，现实究竟有多亮？,62.2万,3899,森纳映画,989557
【赛博朋克2077】捏脸数据 赛博暖暖 捏（初恋的妹妹） 最好看,136.3万,343,橙愚,987851
徐老师来巡山295：曾经有个五杀摆在我面前，我一个没拿到。,81.8万,3261,靠脸吃饭的徐大王,981154
新英雄澜CG《目标》——每个人都会渴望光明,62.7万,2902,王者荣耀,967028
女帝法球让我懂得了什么叫做吃相,100万,2046,王王王魄罗,957375
【细思极恐】在未来加班真的会出事啊啊啊啊！！！,43.5万,2012,鹤吱菌,937133
【王老菊】女人花 | 恶魔之魂重制版07,37.3万,1.2万,怕上火暴王老菊,886901
赛博朋克2077：不用花钱买10秒即可获得传说级螳螂刀！,46.2万,98,一叶木南解说,864571
【魚】如何在夜之城拥有一个漂亮小姐姐赛博朋克2077人物捏脸流浪者开局,53.6万,192,Ash鱼鱼鱼,782368
【4K/中文】《赛博朋克2077》全流程通关视频（更新中）,73.6万,8122,游戏动力VGN,778376
赛博朋克2077：教你如何白嫖，10万块的传说螳螂刀，拿到就是赚到,31.7万,182,每日游戏追风,769121
新英雄司空震试玩，大招变身帅炸！无视地形召唤雷电这也太强了！,82.2万,1746,包子入侵SSR,739012
"最后的铠甲勇士了雅塔莱斯升级进化，官方不给进化版，那我们自己做一个吧,鬼泣5mod",40.5万,426,Poka脸,738535
王者欢乐秀：1200斤的铠爹谁打得动？零伤害一滴血都不掉！,47.2万,1153,无敌皮皮鸟,734627
【大仙全家桶】新英雄司空震震撼来袭！揭秘澜CG全故事线，身世悲惨堪比鸣人,55.5万,3377,指法芬芳张大仙,731545
哎呀妈呀！这 你 也 想 起 舞 吗 ？！,31.5万,1141,名字君Montage,730375
30秒让你放弃购买2077,194.5万,469,崭新龙狙带回家,722312
《赛博朋克2077》前期就能遇到的一个超级富的商人，抢了他的东西直接起飞！,44万,197,ZR大魔王,698865
【原神】璃  月  故  事  王,20.7万,1333,渊渊的奇妙冒险,690225
【ヨルシカ - 藍二乗/明日方舟】《关于如果鹰角出了番剧会有人看吗这档事》的OP,20万,348,今天白糕录歌了吗,684092
流落孤岛！遭遇巨型蟹老板！活下去！丨荒岛求生#01,35万,1875,与山0v0,673238
【召唤师，你还记得我吗】【听那时的光】【回到夏天翻填】【这些歌，唱出了整个英雄联盟系列第十一篇】,34.6万,954,夜阑望舒寒,660272
【CSGO】收手吧 阿祖！,30.2万,2082,废物弟弟汉堡包,645626
赛博朋克2077捏脸[也许是最漂亮的之一？],37.2万,63,初风Sparkle,638373
【见盘】140.5：除了赛博朋克，科幻还剩下什么？,29.7万,790,长歌与小见见,636564
最近大火的游戏《赛博朋克2077》辱华了？别开玩笑了,40.9万,584,知日酱,634569
粉丝的阴间操作差点把我送走,25.1万,1152,特别中二的q3君,627657
【赛博朋克2077】如何白嫖隐藏超跑石中剑,33.8万,149,TeaLatte_,623069
小小梦魇第二代来了！闯入猎人小屋拯救小伙伴，发现里面全是恐怖的布娃娃！Little Nightmares 2,49.4万,3777,薄海纸鱼,617354
王者峡谷 澜身法连招难度排行榜,51.7万,140,国服理论师,611440
云顶之弈S4：8决斗8天神4宗师，全网首发，实战打出三个彩色羁绊，耗时13天383把！,25.8万,2381,肝帝小强,610062
「澜x蔡文姬·溯Reverse·混剪」这一秒只想在爱里沉溺,25.6万,840,姜钟熙的折耳喵,607842
终于离职业梦更近一步了，拿到青训比赛号了，求三连支持，希望早日职业,46.1万,98,亦难OoO,603238
或许这才是澜的cg哈哈哈,41.2万,195,贫穷司令哦,592846
【逗鱼时刻特别篇】虎牙棋王杯：英雄饶了我吧，眼镜都被干碎好几个了,56.3万,3189,天天卡牌,586240
【狼 人 杀 心 脏 骤 停】,22.2万,1970,老骚豆腐,585091
34年前最疯狂的游戏究竟有多丧心病狂！！我愿称它为“扯淡”！！！,37.5万,510,33不是山山,584618
五坐骑阵容,43.7万,730,移速猫猫,577395
该谁请客吃饭了？,18.5万,2067,12dora,572933
【赛博朋克2077】怎么在主线后进入绀碧大厦拿武士刀“觉”,30.6万,472,我上了假的b站,563925
新版本吐槽，这还是王者荣耀？返祖现场？,55.3万,1126,第一庞统老白,563853
鲨鱼恶霸之刘邦瑶澜组合,37.3万,740,在下易某很细,562275
猛男极限 失重生存14,17.7万,1800,籽岷,557022
它是王者荣耀最大劲敌！连英雄联盟手游都被打趴下了【X博士奇谈】,39.2万,3313,游戏X博士,553359
【赛博朋克2077】梧桐教你快速获得36件传说武器---夜之城双十二购物狂欢节,18.4万,131,梧桐烟雨,549965
【王者五杀Top5】澜：1打5的澜！蔡文姬能不爱？！,39.8万,678,管家加点酱,549630
【赛博朋克2077】画面优化设置，1060、1050ti也能畅玩啦！1080p 60帧（视频末尾挑战100帧）｜P3补充如何显示帧数,25.7万,196,男巫Brian,541519
【游戏侦查冰】童年经典《抢滩登陆》，为何爆红后却突然消失？,33万,1983,芒果冰OL,537224
情绪阉割？义体奴役？赛博朋克可能远比你想象的更加黑暗...【游戏背后的神·SP】,29.8万,927,摸鱼王摸了吗,528846
住在充满杀人狂的小屋！只有最凶残的人才能活下去,21.4万,1215,小C6,525738
（火热更新中）爆肝192小时！全角色圣遗物搭配思路教学！,15.2万,383,老沐ocean,519076
【60帧】打 开 一 分 钟，抖 腿 一 整 天,27.7万,149,连连哒-,519052
当你被中国第一苦力怕极限追杀！,19.9万,329,Minecraft-ICE,517648
设计师你看他！无限伤害永动机！！【炉石骚套路 17】,26.6万,1222,夏布去,509064
【超级小桀】对手都是一次性用品！用完就丢,37.8万,1143,超级小桀的日常,508558
【原神】这是BUG？最高概率产出  紫突破材料金圣遗物方式或许找到了~,18.8万,179,咸鱼嫌鱼娴,506886
1.2雪山地图前期必需品！提前收集快人一步！,24.5万,327,是拆拆咯,499569
月球显出原形坠落到地球！火柴人亨利重制版，鲤鱼Ace解说,51.6万,1552,鲤鱼Ace,497496
我的枪法,57.6万,47,大霓奈,496872
凌晨12点千万别打开这个弹窗网址！直接关掉！不然你会被脏东西缠上的！,31万,3503,皮鸡没有毛,488682
【电竞星快报】像大舅子这种偶像选手，我们也有啦！（第二季44期）,19.2万,5493,银河电竞,487362
2077玩家现状：有钱买游戏，没钱买显卡，我电脑真的一滴都没有了（真实）,51.2万,253,魔汪阿瑟,486476
赛博朋克2077橙色物品傻瓜式全收集[更新中],10.3万,149,秀之KI,481578
【原神/鉴赏】果子哥带你正直空哥哥,18.9万,1973,果蝇轰,479708
【明日方舟】监狱地底深藏莱茵秘密？孤岛风云PV解析。,21.5万,594,杨颜同学,478936
赛博朋克直播模式“看不到”的彩蛋,28万,410,黑椒墨鱼,474756
孙策连续增强或将回归高分战场？全新铭文出装思路彻底改变孙策笨重手感！,19.9万,1061,迷茫小树叶,466848
我  笑  傻  了,28.2万,1294,撸sir兰陵君,466716
The shy新活！版本OP上单冰鸟，究极折磨，你为什么不吃线啊？,46.8万,635,电竞游戏菌QAQ,464497
美 团 外 卖,20.5万,1340,--圈圈--,461400
Cyberpunk 2077: 最优秀的网络围棋对战平台,40.1万,415,胡翼飞,456758
在赛博朋克看直播是什么体验！cyberpunk,54.2万,39,1nmlU,453621
2000万的冠军上单到底能给FPX带来什么？这是你没见过的S11硬核转会分析,29.2万,1179,LPL战术小黑板,452881
主播炸了超神篇388：小虎阿卡丽1V3操作拉满，莎莉维克托脚本走位这都能活？,38.4万,1359,聚印象视频,452001
《明日方舟》SideStory「孤岛风云」活动宣传PV,29.9万,2554,明日方舟,451539
[原神]官方回应1.3钟离，个人看法。（仅代表个人看法，瞎bb而已。）,26.3万,1097,羽无笙,451341
